-- MySQL dump 10.13  Distrib 5.5.9, for Win64 (x86)
--
-- Host: harper.gotoftp1.com    Database: harper
-- ------------------------------------------------------
-- Server version	5.1.49

/*!40101 SET @OLD_CHARACTER_SET_CLIENT=@@CHARACTER_SET_CLIENT */;
/*!40101 SET @OLD_CHARACTER_SET_RESULTS=@@CHARACTER_SET_RESULTS */;
/*!40101 SET @OLD_COLLATION_CONNECTION=@@COLLATION_CONNECTION */;
/*!40101 SET NAMES utf8 */;
/*!40103 SET @OLD_TIME_ZONE=@@TIME_ZONE */;
/*!40103 SET TIME_ZONE='+00:00' */;
/*!40014 SET @OLD_UNIQUE_CHECKS=@@UNIQUE_CHECKS, UNIQUE_CHECKS=0 */;
/*!40014 SET @OLD_FOREIGN_KEY_CHECKS=@@FOREIGN_KEY_CHECKS, FOREIGN_KEY_CHECKS=0 */;
/*!40101 SET @OLD_SQL_MODE=@@SQL_MODE, SQL_MODE='NO_AUTO_VALUE_ON_ZERO' */;
/*!40111 SET @OLD_SQL_NOTES=@@SQL_NOTES, SQL_NOTES=0 */;

--
-- Table structure for table `common_contact`
--

DROP TABLE IF EXISTS `common_contact`;
/*!40101 SET @saved_cs_client     = @@character_set_client */;
/*!40101 SET character_set_client = utf8 */;
CREATE TABLE `common_contact` (
  `oid` int(11) NOT NULL,
  `email` varchar(45) DEFAULT NULL,
  `phone` varchar(45) DEFAULT NULL,
  `mobile` varchar(45) DEFAULT NULL,
  `address` text,
  PRIMARY KEY (`oid`)
) ENGINE=InnoDB DEFAULT CHARSET=utf8;
/*!40101 SET character_set_client = @saved_cs_client */;

--
-- Dumping data for table `common_contact`
--

LOCK TABLES `common_contact` WRITE;
/*!40000 ALTER TABLE `common_contact` DISABLE KEYS */;
/*!40000 ALTER TABLE `common_contact` ENABLE KEYS */;
UNLOCK TABLES;

--
-- Table structure for table `fna_accounting`
--

DROP TABLE IF EXISTS `fna_accounting`;
/*!40101 SET @saved_cs_client     = @@character_set_client */;
/*!40101 SET character_set_client = utf8 */;
CREATE TABLE `fna_accounting` (
  `oid` int(11) NOT NULL,
  `create_date` datetime NOT NULL,
  `subject` varchar(100) NOT NULL,
  `ref_type` varchar(45) NOT NULL,
  `ref_number` varchar(100) NOT NULL,
  `amount` decimal(13,2) NOT NULL,
  PRIMARY KEY (`oid`)
) ENGINE=InnoDB DEFAULT CHARSET=utf8;
/*!40101 SET character_set_client = @saved_cs_client */;

--
-- Dumping data for table `fna_accounting`
--

LOCK TABLES `fna_accounting` WRITE;
/*!40000 ALTER TABLE `fna_accounting` DISABLE KEYS */;
/*!40000 ALTER TABLE `fna_accounting` ENABLE KEYS */;
UNLOCK TABLES;

--
-- Table structure for table `library_entry`
--

DROP TABLE IF EXISTS `library_entry`;
/*!40101 SET @saved_cs_client     = @@character_set_client */;
/*!40101 SET character_set_client = utf8 */;
CREATE TABLE `library_entry` (
  `oid` int(11) NOT NULL,
  `book_oid` int(11) NOT NULL,
  `count` int(11) NOT NULL,
  `ost` int(11) NOT NULL,
  PRIMARY KEY (`oid`),
  KEY `le_fk_book` (`book_oid`),
  CONSTRAINT `le_fk_book` FOREIGN KEY (`book_oid`) REFERENCES `profile_book` (`oid`) ON DELETE NO ACTION ON UPDATE NO ACTION
) ENGINE=InnoDB DEFAULT CHARSET=utf8;
/*!40101 SET character_set_client = @saved_cs_client */;

--
-- Dumping data for table `library_entry`
--

LOCK TABLES `library_entry` WRITE;
/*!40000 ALTER TABLE `library_entry` DISABLE KEYS */;
/*!40000 ALTER TABLE `library_entry` ENABLE KEYS */;
UNLOCK TABLES;

--
-- Table structure for table `library_record`
--

DROP TABLE IF EXISTS `library_record`;
/*!40101 SET @saved_cs_client     = @@character_set_client */;
/*!40101 SET character_set_client = utf8 */;
CREATE TABLE `library_record` (
  `oid` int(11) NOT NULL,
  `rec_number` varchar(45) NOT NULL,
  `acc_date` datetime NOT NULL,
  `close_date` datetime DEFAULT NULL,
  `status` int(11) NOT NULL,
  `borrower` int(11) NOT NULL,
  `remark` text,
  `close_reason` text,
  `type` varchar(45) NOT NULL,
  `site` int(11) NOT NULL,
  PRIMARY KEY (`oid`),
  KEY `lr_fk_brr` (`borrower`),
  KEY `lr_fk_site` (`site`),
  CONSTRAINT `lr_fk_brr` FOREIGN KEY (`borrower`) REFERENCES `profile_borrower` (`oid`) ON DELETE NO ACTION ON UPDATE NO ACTION,
  CONSTRAINT `lr_fk_site` FOREIGN KEY (`site`) REFERENCES `store_site` (`oid`) ON UPDATE NO ACTION
) ENGINE=InnoDB DEFAULT CHARSET=utf8;
/*!40101 SET character_set_client = @saved_cs_client */;

--
-- Dumping data for table `library_record`
--

LOCK TABLES `library_record` WRITE;
/*!40000 ALTER TABLE `library_record` DISABLE KEYS */;
/*!40000 ALTER TABLE `library_record` ENABLE KEYS */;
UNLOCK TABLES;

--
-- Table structure for table `library_record_item`
--

DROP TABLE IF EXISTS `library_record_item`;
/*!40101 SET @saved_cs_client     = @@character_set_client */;
/*!40101 SET character_set_client = utf8 */;
CREATE TABLE `library_record_item` (
  `oid` int(11) NOT NULL,
  `status` int(11) NOT NULL,
  `header` int(11) NOT NULL,
  `book_count` int(11) NOT NULL,
  `book_oid` int(11) NOT NULL,
  `ost` int(11) NOT NULL,
  `balance_to` int(11) DEFAULT NULL,
  `close_date` datetime DEFAULT NULL,
  PRIMARY KEY (`oid`),
  KEY `lri_fk_header` (`header`),
  KEY `lri_fk_balance` (`balance_to`),
  KEY `lri_fk_book` (`book_oid`),
  CONSTRAINT `lri_fk_balance` FOREIGN KEY (`balance_to`) REFERENCES `library_record_item` (`oid`) ON DELETE NO ACTION ON UPDATE NO ACTION,
  CONSTRAINT `lri_fk_book` FOREIGN KEY (`book_oid`) REFERENCES `profile_book` (`oid`) ON DELETE NO ACTION ON UPDATE NO ACTION,
  CONSTRAINT `lri_fk_header` FOREIGN KEY (`header`) REFERENCES `library_record` (`oid`) ON DELETE NO ACTION ON UPDATE NO ACTION
) ENGINE=InnoDB DEFAULT CHARSET=utf8;
/*!40101 SET character_set_client = @saved_cs_client */;

--
-- Dumping data for table `library_record_item`
--

LOCK TABLES `library_record_item` WRITE;
/*!40000 ALTER TABLE `library_record_item` DISABLE KEYS */;
/*!40000 ALTER TABLE `library_record_item` ENABLE KEYS */;
UNLOCK TABLES;

--
-- Table structure for table `order_common`
--

DROP TABLE IF EXISTS `order_common`;
/*!40101 SET @saved_cs_client     = @@character_set_client */;
/*!40101 SET character_set_client = utf8 */;
CREATE TABLE `order_common` (
  `number` varchar(20) NOT NULL,
  `create_date` datetime NOT NULL,
  `customer` int(11) DEFAULT NULL,
  `oid` int(11) NOT NULL,
  `order_type` varchar(5) NOT NULL,
  `provider` int(11) DEFAULT NULL,
  `status` int(1) NOT NULL DEFAULT '0',
  `site` int(11) DEFAULT NULL,
  `fee_amount` decimal(10,2) DEFAULT NULL,
  `fee_name` varchar(100) DEFAULT NULL,
  `remark` text,
  `refno` varchar(100) DEFAULT NULL,
  `version` int(10) NOT NULL,
  `ref_status` varchar(50) DEFAULT NULL,
  `purchase_deliver` int(11) DEFAULT NULL,
  `total_amt` decimal(10,2) NOT NULL,
  `delivery_status` int(1) NOT NULL DEFAULT '0',
  `memo` text,
  PRIMARY KEY (`oid`),
  UNIQUE KEY `order_type_number` (`order_type`,`number`),
  UNIQUE KEY `order_uk_refno` (`refno`),
  UNIQUE KEY `uk_ref` (`refno`),
  KEY `order_fk_customer` (`customer`),
  KEY `order_fk_provider` (`provider`),
  KEY `order_fk_site` (`site`),
  KEY `order_fk_purchase_deliver` (`purchase_deliver`),
  CONSTRAINT `order_fk_customer` FOREIGN KEY (`customer`) REFERENCES `profile_customer` (`oid`) ON DELETE NO ACTION ON UPDATE NO ACTION,
  CONSTRAINT `order_fk_provider` FOREIGN KEY (`provider`) REFERENCES `profile_supplier` (`oid`) ON DELETE NO ACTION ON UPDATE NO ACTION,
  CONSTRAINT `order_fk_purchase_deliver` FOREIGN KEY (`purchase_deliver`) REFERENCES `order_delivery` (`oid`) ON DELETE NO ACTION ON UPDATE NO ACTION,
  CONSTRAINT `order_fk_site` FOREIGN KEY (`site`) REFERENCES `store_site` (`oid`) ON DELETE NO ACTION ON UPDATE NO ACTION
) ENGINE=InnoDB DEFAULT CHARSET=utf8;
/*!40101 SET character_set_client = @saved_cs_client */;

--
-- Dumping data for table `order_common`
--

LOCK TABLES `order_common` WRITE;
/*!40000 ALTER TABLE `order_common` DISABLE KEYS */;
INSERT INTO `order_common` VALUES ('SO00000001','2011-02-20 06:15:56',NULL,2,'S',1,2,2,NULL,NULL,NULL,NULL,13,NULL,NULL,92329.00,0,NULL),('SO00000002','2011-02-20 09:05:53',NULL,53,'S',1,2,3,NULL,NULL,NULL,NULL,6,NULL,NULL,100038.50,0,NULL),('SO00000003','2011-02-20 17:14:08',NULL,101,'S',1,2,1,NULL,NULL,NULL,NULL,10,NULL,NULL,25861.50,0,NULL),('SO00000004','2011-02-22 21:38:55',NULL,151,'S',51,2,2,60.00,NULL,NULL,NULL,5,NULL,NULL,5473.00,0,NULL),('PO00000001','2011-02-22 19:37:02',6,201,'B',NULL,2,2,12.00,NULL,NULL,'64737863270351',4,'卖家已发货，等待买家确认',5,82.00,1,'丽丽，德佳代销单明日 （2月23日）顺丰送到－加急 收货地址： 杨秋萍 ，13816119236 ， ，上海 上海市 浦东新区 丁香路1399弄25号301室 ，200135  '),('PO00000002','2011-02-22 11:38:45',1,202,'B',NULL,2,2,10.00,NULL,NULL,'64669954619551',4,'卖家已发货，等待买家确认',6,110.00,1,'丽丽，加张刻录EBOOK，快递只能发中通和韵达，其它不到。最好在星期五下午4点前到货。'),('PO00000005','2011-02-22 13:56:00',4,203,'B',NULL,2,2,0.00,NULL,NULL,'64692668588051',3,'买家已付款，等待卖家发货',4,144.00,1,'丽丽，不要水彩笔，只要四本涂色书。今天一定要发货'),('PO00000003','2011-02-22 17:45:05',5,204,'B',NULL,2,2,24.00,NULL,NULL,'64725549051751',5,'WAIT_BUYER_CONFIRM_GOODS',1,544.00,1,'丽丽，明天一定发货，东西要全'),('PO00000004','2011-02-21 22:56:04',3,205,'B',NULL,2,2,0.00,NULL,NULL,'64636920431151',4,'卖家已发货，等待买家确认',2,3900.00,1,NULL),('PO00000006','2011-02-22 20:48:27',2,206,'B',NULL,2,2,5.00,NULL,NULL,'64751153264851',4,'卖家已发货，等待买家确认',3,80.00,1,'代销单，不要放单据。'),('PO00000012','2011-02-22 11:09:07',61,251,'B',NULL,2,2,5.00,NULL,NULL,'64665852590751',4,'WAIT_BUYER_CONFIRM_GOODS',55,465.00,2,'丽丽，先发学生书，其余到货再发。'),('PO00000029','2011-02-20 23:34:11',53,252,'B',NULL,2,2,10.00,NULL,NULL,'64513261795151',2,'卖家已发货，等待买家确认',63,370.00,0,'丽丽，只要学生书，送刻录CD一张。'),('PO00000026','2011-02-22 12:53:57',62,253,'B',NULL,2,2,5.00,NULL,NULL,'64679671093351',2,'卖家已发货，等待买家确认',58,185.00,1,'丽丽'),('PO00000028','2011-02-21 11:41:13',58,254,'B',NULL,2,2,0.00,NULL,NULL,'64539119218551',4,'卖家已发货，等待买家确认',751,299.00,1,'丽丽，今天一定要发货，急要。'),('PO00000025','2011-02-20 16:22:53',57,255,'B',NULL,2,2,5.00,NULL,NULL,'64461742502051',3,'卖家已发货，等待买家确认',67,105.00,1,NULL),('PO00000017','2011-02-21 11:59:10',72,256,'B',NULL,1,2,86.00,NULL,NULL,'64541342217951',2,'WAIT_BUYER_CONFIRM_GOODS',64,886.00,0,'丽丽，预定，到货再发'),('PO00000018','2011-02-21 23:22:17',56,257,'B',NULL,2,2,0.00,NULL,NULL,'64640214732551',2,'卖家已发货，等待买家确认',72,1400.00,0,'丽丽，sight 要精装650元的'),('PO00000007','2011-02-20 11:39:43',71,258,'B',NULL,2,2,0.00,NULL,NULL,'64424882376951',3,'卖家已发货，等待买家确认',71,340.00,1,'丽丽，总共拍了五套，和之前的一套一起发。急，今天发货。送同级别的刻录律动操DVD。'),('PO00000027','2011-02-20 18:12:29',51,259,'B',NULL,2,2,0.00,NULL,NULL,'64471504371751',3,'卖家已发货，等待买家确认',852,195.00,0,'丽丽，送1B，2B刻录碟各一张'),('PO00000015','2011-02-21 15:44:53',67,260,'B',NULL,2,2,10.00,NULL,NULL,'64579545985451',3,'卖家已发货，等待买家确认',51,375.00,1,'茜茜  代销单  收货地址： 郭靖 ，13863757010 ， ，山东省 济宁市 邹城市 兖矿集团机电设备制造厂科技管理部 ，273500  '),('PO00000011','2011-02-20 18:13:09',64,261,'B',NULL,2,2,0.00,NULL,NULL,'64471567551751',3,'卖家已发货，等待买家确认',852,195.00,0,'丽丽，送1B，2B刻录碟各一张'),('PO00000024','2011-02-21 15:59:57',66,262,'B',NULL,2,2,5.00,NULL,NULL,'64582034542251',3,'卖家已发货，等待买家确认',54,90.00,1,NULL),('PO00000023','2011-02-21 11:59:19',59,263,'B',NULL,1,2,10.00,NULL,NULL,'64541359117951',1,'卖家已发货，等待买家确认',62,2010.00,0,'丽丽，这些有货的先发，soe 1,3,4，5学生书+六年级全套，送K-6年级刻录CD'),('PO00000009','2011-02-21 14:57:16',2,264,'B',NULL,2,2,0.00,NULL,NULL,'64571710424851',3,'卖家已发货，等待买家确认',60,26.00,1,'代销单'),('PO00000031','2011-02-20 09:24:08',54,265,'B',NULL,2,2,0.00,NULL,NULL,'64417101609651',3,'卖家已发货，等待买家确认',73,81.00,1,'丽丽，今天一定要发货'),('PO00000030','2011-02-21 21:02:58',70,266,'B',NULL,2,2,0.00,NULL,NULL,'64617751497951',3,'卖家已发货，等待买家确认',57,299.00,1,'丽丽，送大礼包'),('PO00000022','2011-02-21 13:53:02',52,267,'B',NULL,1,2,0.00,NULL,NULL,'64561481188651',1,'卖家已发货，等待买家确认',70,263.00,0,'丽丽'),('PO00000019','2011-02-20 10:52:31',60,268,'B',NULL,2,2,20.00,NULL,NULL,'64423014885451',3,'卖家已发货，等待买家确认',52,1000.00,1,'丽丽，今天发货'),('PO00000008','2011-02-22 12:38:20',55,269,'B',NULL,2,2,8.00,NULL,NULL,'64677412753151',3,'卖家已发货，等待买家确认',66,89.00,1,'丽丽，今天一定要发货'),('PO00000016','2011-02-20 15:18:46',69,270,'B',NULL,2,2,0.00,NULL,NULL,'64450477593151',3,'卖家已发货，等待买家确认',75,280.00,1,'丽丽，送大礼包'),('PO00000010','2011-02-21 12:25:47',68,271,'B',NULL,1,2,16.00,NULL,NULL,'64548198108651',1,'卖家已发货，等待买家确认',69,500.00,0,'丽丽，随机送些赠品书'),('PO00000020','2011-02-22 14:37:33',63,272,'B',NULL,2,2,0.00,NULL,NULL,'64699497729451',3,'卖家已发货，等待买家确认',59,305.00,2,'丽丽，今天先发一三册，第二册到货再发。'),('PO00000021','2011-02-21 11:42:50',73,273,'B',NULL,2,2,8.00,NULL,NULL,'64539319778551',4,'卖家已发货，等待买家确认',751,367.00,1,'丽丽'),('PO00000014','2011-02-20 21:09:18',2,274,'B',NULL,2,2,10.00,NULL,NULL,'64496239904851',3,'卖家已发货，等待买家确认',53,20.00,1,'代销单'),('PO00000013','2011-02-20 23:07:14',65,275,'B',NULL,2,2,0.00,NULL,NULL,'64510545395151',2,'卖家已发货，等待买家确认',68,305.00,0,'丽丽，先发一三册，送大礼包，第二册到货再补发，补发时短信通知。'),('PO00000034','2011-02-24 00:01:56',104,301,'B',NULL,2,2,30.00,NULL,NULL,'64911665586251',5,'WAIT_BUYER_CONFIRM_GOODS',104,2770.00,1,'丽丽，今天发货1，3，4，5年级的学生书+六年级学生套装+七个年级的正版CD '),('PO00000032','2011-02-23 14:17:57',102,302,'B',NULL,2,2,0.00,NULL,NULL,'64828449306051',5,'卖家已发货，等待买家确认',701,44.00,1,'丽丽，和之前拍的一起发'),('PO00000033','2011-02-23 13:55:29',101,303,'B',NULL,2,2,10.00,NULL,NULL,'64822326915351',3,'买家已付款，等待卖家发货',105,544.00,1,'丽丽，送大礼包，再送本赠品书。'),('PO00000035','2011-02-23 11:33:36',61,304,'B',NULL,2,2,5.00,NULL,NULL,'64802097810751',2,'买家已付款，等待卖家发货',102,125.00,0,'丽丽，soe一年级正版音频CD'),('PO00000036','2011-02-22 16:08:45',103,305,'B',NULL,2,2,10.00,NULL,NULL,'64714559526051',5,'卖家已发货，等待买家确认',701,93.00,1,'丽丽，之后又拍了两本书没货的换同等价位的男孩子读的书。尽快发货'),('PO00000038','2011-02-23 15:26:57',2,351,'B',NULL,2,2,5.00,NULL,NULL,'64839916004851',3,'卖家已发货，等待买家确认',155,165.00,1,'代销单，不要放清单，请今天一定发货地址：张鸣 ，13564990422 ， ，上海 上海市 静安区 武宁南路442号517室 ，200042 '),('PO00000041','2011-02-23 15:43:05',153,352,'B',NULL,2,2,0.00,NULL,NULL,'64842630127051',3,'卖家已发货，等待买家确认',153,879.00,1,'丽丽'),('PO00000042','2011-02-23 15:17:03',2,353,'B',NULL,2,2,10.00,NULL,NULL,'64838241344851',3,'卖家已发货，等待买家确认',151,130.00,1,'代销单，不要放清单。地址：高楠 ，13661113393 ， ，北京 北京市 海淀区 彰化南路18号　玉北商务楼　7号楼310室 ，100195 '),('PO00000039','2011-02-23 14:05:16',151,354,'B',NULL,2,2,5.00,NULL,NULL,'64826360262851',3,'卖家已发货，等待买家确认',152,86.00,1,'丽丽，送CD'),('PO00000040','2011-02-23 13:36:55',6,355,'B',NULL,2,2,10.00,NULL,NULL,'64819254410351',3,'卖家已发货，等待买家确认',156,160.40,1,'丽丽）德佳代销单，收货地址： 甘慧 ，13922632660 ，0758-8513256 ，广东省 肇庆市 高要市 金渡镇金渡工业园D1区 阿莱斯（高要）化工有限公司 ，526108  '),('PO00000037','2011-02-23 16:24:26',152,356,'B',NULL,2,2,5.00,NULL,NULL,'64849476409851',3,'卖家已发货，等待买家确认',154,85.00,1,'丽丽，稠州宝贝代销单'),('PO00000044','2011-02-24 13:30:52',152,401,'B',NULL,2,2,0.00,NULL,NULL,'64953343589851',4,'WAIT_BUYER_CONFIRM_GOODS',203,5.00,1,'丽丽，客户换书付的运费，love english starter 1换level 1地址： ，13958155892 ，0571-86511565 ，浙江省 杭州市 上城区 始版桥花园6幢4单元 ，310016 '),('PO00000047','2011-02-24 15:58:05',2,402,'B',NULL,2,2,5.00,NULL,NULL,'64977530464851',3,'卖家已发货，等待买家确认',202,142.00,1,'代销单，不要放单据。今天发货'),('PO00000043','2011-02-24 13:17:52',202,403,'B',NULL,2,2,14.00,NULL,NULL,'64951245948051',4,'WAIT_BUYER_CONFIRM_GOODS',205,524.00,1,'丽丽，补发上回收据（1035元）盖公司章这回524元也要开收据。'),('PO00000046','2011-02-23 02:14:49',201,404,'B',NULL,2,2,9.00,NULL,NULL,'64781283794751',3,'卖家已发货，等待买家确认',201,697.00,1,'茜茜'),('PO00000045','2011-02-24 10:13:12',203,405,'B',NULL,2,2,0.00,NULL,NULL,'64926325417951',3,'卖家已发货，等待买家确认',204,616.00,1,'丽丽'),('PO00000052','2011-02-24 16:43:59',205,406,'B',NULL,2,2,9.00,NULL,NULL,'64985004356551',3,'WAIT_SELLER_SEND_GOODS',207,314.00,0,NULL),('PO00000048','2011-02-24 13:33:09',206,407,'B',NULL,2,2,10.00,NULL,NULL,'64954076617151',3,'买家已付款，等待卖家发货',206,369.00,0,'茜茜 请尽快发货'),('PO00000051','2011-02-24 20:12:18',204,408,'B',NULL,2,2,0.00,NULL,NULL,'65009988605651',4,'WAIT_BUYER_CONFIRM_GOODS',210,28.00,0,'丽丽，美国高中物理教材电子版，发QQ邮箱：810902374'),('PO00000049','2011-02-24 16:43:18',2,409,'B',NULL,2,2,0.00,NULL,NULL,'64984864064851',4,'卖家已发货，等待买家确认',208,187.80,1,'代销单，王英瑛 ，13905769003 ，0576-88552833 ，浙江省 台州市 椒江区 浙江省台州市椒江东海大道788号 台州市食品药品检验所业务科 ，318000 '),('PO00000050','2011-02-24 19:51:10',207,410,'B',NULL,2,2,0.00,NULL,NULL,'65006957150951',4,'卖家已发货，等待买家确认',209,263.00,1,'丽丽，香港朗文1B 3B 5B'),('PO00000054','2011-02-22 16:23:22',253,451,'B',NULL,1,2,5.00,NULL,NULL,'64716929789851',2,'WAIT_SELLER_SEND_GOODS',253,225.00,0,'丽丽，发圆通'),('PO00000055','2011-02-24 15:48:54',254,452,'B',NULL,2,2,0.00,NULL,NULL,'64976002380851',4,'卖家已发货，等待买家确认',251,500.00,1,'丽丽，要平装的'),('PO00000053','2011-02-24 22:36:40',251,453,'B',NULL,2,2,7.00,NULL,NULL,'65034040888451',4,'卖家已发货，等待买家确认',255,169.00,1,NULL),('PO00000057','2011-02-24 19:58:12',255,454,'B',NULL,2,2,0.00,NULL,NULL,'65007911337551',4,'卖家已发货，等待买家确认',252,285.00,2,'丽丽'),('PO00000056','2011-02-24 18:05:14',252,455,'B',NULL,2,2,0.00,NULL,NULL,'64995398181451',4,'卖家已发货，等待买家确认',254,500.00,1,'丽丽，送赠品书'),('PO00000059','2011-02-24 14:39:13',303,501,'B',NULL,2,2,0.00,NULL,NULL,'64964490363851',4,'卖家已发货，等待买家确认',902,57.00,1,'丽丽'),('PO00000063','2011-02-25 15:36:18',305,502,'B',NULL,2,2,12.00,NULL,NULL,'65106563151751',5,'卖家已发货，等待买家确认',901,892.00,2,'丽丽，今天先发学生书+白板软件+教师手册'),('PO00000060','2011-02-24 19:22:30',307,503,'B',NULL,2,2,0.00,NULL,NULL,'65003379343851',4,'卖家已发货，等待买家确认',902,28.00,2,'丽丽，和之前的一起发'),('PO00000061','2011-02-25 12:30:41',301,504,'B',NULL,2,2,0.00,NULL,NULL,'65077295098951',3,'卖家已发货，等待买家确认',305,380.00,1,'丽丽，soe 幼儿园互动软件，送刻录CD，并加送一张YIPPEE大班的demo。'),('PO00000058','2011-02-25 14:45:12',302,505,'B',NULL,2,2,0.00,NULL,NULL,'65096953165851',4,'WAIT_BUYER_CONFIRM_GOODS',301,310.00,1,'丽丽，1B的学生书和综合练习册各两套。网传CD和EBOOK，老客户。邮箱：jd_zmh@126.com'),('PO00000064','2011-02-24 14:39:52',306,506,'B',NULL,2,2,0.00,NULL,NULL,'64964592523851',4,'卖家已发货，等待买家确认',902,57.00,1,'丽丽'),('PO00000062','2011-02-24 14:43:25',304,507,'B',NULL,2,2,0.00,NULL,NULL,'64965162943851',4,'卖家已发货，等待买家确认',902,100.00,1,'丽丽'),('PO00000066','2011-02-25 21:13:35',310,508,'B',NULL,2,2,5.00,NULL,NULL,'65149539786851',2,'买家已付款，等待卖家发货',309,205.00,0,'丽丽，团购，到货一起发'),('PO00000068','2011-02-25 22:33:31',313,509,'B',NULL,2,2,0.00,NULL,NULL,'65164206797751',5,'卖家已发货，等待买家确认',951,0.01,1,'赠品'),('PO00000065','2011-02-25 15:34:49',305,510,'B',NULL,2,2,12.00,NULL,NULL,'65106312891751',5,'WAIT_SELLER_SEND_GOODS',901,272.00,1,'丽丽，闪卡到货再发'),('PO00000067','2011-02-25 19:36:59',308,511,'B',NULL,2,2,0.00,NULL,NULL,'65135869340651',5,'WAIT_BUYER_CONFIRM_GOODS',311,176.00,1,'丽丽，德佳代销单'),('PO00000071','2011-02-25 22:29:10',312,512,'B',NULL,2,2,0.00,NULL,NULL,'65163543837751',5,'卖家已发货，等待买家确认',951,1400.00,1,'丽丽，送大礼包'),('PO00000069','2011-02-25 15:40:41',311,513,'B',NULL,2,2,5.00,NULL,NULL,'65105896844451',4,'WAIT_SELLER_SEND_GOODS',313,106.00,0,'茜茜，到货再发'),('PO00000070','2011-02-25 15:33:57',309,514,'B',NULL,2,2,0.00,NULL,NULL,'65104804904451',4,'卖家已发货，等待买家确认',314,173.00,0,'茜茜，只要一三册'),('SO00000005','2011-02-26 21:02:17',NULL,551,'S',101,2,1,NULL,NULL,NULL,NULL,2,NULL,NULL,490.00,0,NULL),('PO00000072','2011-02-26 14:44:35',351,601,'B',NULL,2,2,0.00,NULL,NULL,'65219996581651',4,'WAIT_BUYER_CONFIRM_GOODS',351,176.00,1,'茜茜  代销单今天发货'),('PO00000074','2011-02-27 09:41:00',354,602,'B',NULL,2,2,0.00,NULL,NULL,'65308462176151',4,'卖家已发货，等待买家确认',354,120.00,1,'茜茜'),('PO00000076','2011-02-27 10:47:03',353,603,'B',NULL,2,2,5.00,NULL,NULL,'65317650957151',4,'卖家已发货，等待买家确认',352,86.00,1,'茜茜'),('PO00000075','2011-02-27 10:49:47',355,604,'B',NULL,2,2,10.00,NULL,NULL,'65318034918151',3,'WAIT_SELLER_SEND_GOODS',355,210.00,0,'丽丽，到货一起发。'),('PO00000073','2011-02-26 21:58:39',352,605,'B',NULL,2,2,10.00,NULL,NULL,'65281974894951',4,'WAIT_BUYER_CONFIRM_GOODS',353,399.50,0,'丽丽'),('PO00000077','2011-02-27 10:53:08',401,651,'B',NULL,2,2,0.00,NULL,NULL,'65318518131351',4,'WAIT_BUYER_CONFIRM_GOODS',401,350.00,1,'茜茜今天发货'),('PO00000080','2011-02-27 21:22:28',402,652,'B',NULL,2,2,10.00,NULL,NULL,'65409037166251',4,'卖家已发货，等待买家确认',403,280.00,1,'茜茜'),('PO00000079','2011-02-27 17:51:41',404,653,'B',NULL,2,2,10.00,NULL,NULL,'65377723763651',4,'卖家已发货，等待买家确认',402,668.00,1,'茜茜送两份大礼包申通或者圆通都可以到'),('PO00000078','2011-02-27 20:31:48',403,654,'B',NULL,2,2,0.00,NULL,NULL,'65403603651551',4,'卖家已发货，等待买家确认',404,130.00,1,'茜茜'),('PO00000084','2011-02-26 00:47:14',452,701,'B',NULL,2,2,5.00,NULL,NULL,'65175120943451',6,'卖家已发货，等待买家确认',652,64.00,2,'茜茜'),('PO00000082','2011-02-26 00:47:33',451,702,'B',NULL,2,2,0.00,NULL,NULL,'65175134983451',6,'卖家已发货，等待买家确认',652,28.00,2,'茜茜'),('PO00000081','2011-02-26 00:47:46',454,703,'B',NULL,2,2,5.00,NULL,NULL,'65175143303451',6,'卖家已发货，等待买家确认',652,34.90,2,'茜茜'),('PO00000083','2011-02-27 17:28:54',453,704,'B',NULL,2,2,5.00,NULL,NULL,'65374559969851',5,'WAIT_BUYER_CONFIRM_GOODS',454,64.00,1,NULL),('PO00000088','2011-02-28 14:16:39',502,751,'B',NULL,2,2,0.00,NULL,NULL,'65490469954751',6,'卖家已发货，等待买家确认',651,77.00,2,'丽丽要张收据，报销用。收据价格为：194.8元'),('PO00000087','2011-02-28 14:15:29',504,752,'B',NULL,2,2,5.00,NULL,NULL,'65485395806051',4,'卖家已发货，等待买家确认',504,304.00,1,NULL),('PO00000086','2011-02-28 14:13:18',501,753,'B',NULL,2,2,0.00,NULL,NULL,'65489913454751',6,'卖家已发货，等待买家确认',651,16.00,2,'丽丽要张收据，报销用。收据价格为：194.8元'),('PO00000085','2011-02-28 14:18:54',503,754,'B',NULL,2,2,5.00,NULL,NULL,'65490858854751',6,'卖家已发货，等待买家确认',651,33.00,2,'丽丽要张收据，报销用。收据价格为：194.8元'),('PO00000093','2011-02-28 10:13:58',203,801,'B',NULL,2,2,0.00,NULL,NULL,'65453274697951',4,'卖家已发货，等待买家确认',554,176.00,1,'茜茜   培训学校补发的订单号为W607828885'),('PO00000090','2011-02-28 10:21:20',552,802,'B',NULL,2,2,12.00,NULL,NULL,'65454270432151',3,'WAIT_BUYER_CONFIRM_GOODS',553,124.00,0,'丽丽，up close全8册（除鲨鱼外）要发票。先发书，发票开196，发平邮名头写吉林省捷诚实业发展有限公司。把运费也要加在发票里（开196元）发票上注明教材。'),('PO00000091','2011-02-28 10:17:56',553,803,'B',NULL,1,2,12.00,NULL,NULL,'65453809372151',2,'WAIT_BUYER_CONFIRM_GOODS',552,72.00,0,'丽丽，要发票。二年级的补发一本：snakes.先发书，发票开196，发平邮，名头写吉林省捷诚实业发展有限公司。把运费也要加在发票里（开196元）发票上注明教材。'),('PO00000092','2011-02-28 14:07:01',501,804,'B',NULL,2,2,0.00,NULL,NULL,'65488832774751',5,'卖家已发货，等待买家确认',651,68.80,2,'丽丽要张收据，报销用。收据价格为：194.8元'),('PO00000089','2011-02-27 21:59:13',551,805,'B',NULL,2,2,13.00,NULL,NULL,'65420054591751',3,'卖家已发货，等待买家确认',555,113.00,1,'茜茜'),('PO00000095','2011-02-28 13:35:14',554,806,'B',NULL,2,2,10.00,NULL,NULL,'65483374519351',4,'卖家已发货，等待买家确认',557,500.00,1,'预定书加30送刻录CD到货马上发'),('PO00000094','2011-02-28 16:18:02',555,807,'B',NULL,2,2,0.00,NULL,NULL,'65506374523451',5,'WAIT_BUYER_CONFIRM_GOODS',556,900.00,1,'茜茜今天一定发货，发顺丰快递'),('PO00000096','2011-02-28 23:20:44',601,851,'B',NULL,2,2,0.00,NULL,NULL,'65577383732551',4,'卖家已发货，等待买家确认',601,299.00,1,'茜茜   送大礼包'),('PO00000100','2011-03-01 10:38:44',653,901,'B',NULL,2,2,24.00,NULL,NULL,'65595310687251',3,'卖家已发货，等待买家确认',808,208.89,1,'丽丽，byebye是要两本的'),('PO00000103','2011-03-01 10:35:04',651,902,'B',NULL,2,2,0.00,NULL,NULL,'65594766121451',3,'卖家已发货，等待买家确认',806,1049.00,1,'丽丽，要两套大礼包。随机赠送书（三岁）'),('PO00000101','2011-03-01 13:37:02',654,903,'B',NULL,2,2,0.00,NULL,NULL,'65623261622851',4,'WAIT_BUYER_CONFIRM_GOODS',807,299.00,1,'丽丽，送大礼包'),('PO00000098','2011-02-28 23:54:02',655,904,'B',NULL,2,2,0.00,NULL,NULL,'65575656223851',4,'卖家已发货，等待买家确认',851,1108.00,1,'丽丽'),('PO00000097','2011-02-28 23:54:33',657,905,'B',NULL,2,2,0.00,NULL,NULL,'65575697023851',4,'卖家已发货，等待买家确认',851,415.00,1,'丽丽'),('PO00000104','2011-02-28 23:37:38',2,906,'B',NULL,2,2,9.00,NULL,NULL,'65574157764851',4,'WAIT_BUYER_CONFIRM_GOODS',802,939.00,1,'代销单，请不要放价格清单。送大礼包sight是普装的。今天一定发货'),('PO00000099','2011-03-01 13:53:27',656,907,'B',NULL,2,2,0.00,NULL,NULL,'65631378173751',4,'WAIT_BUYER_CONFIRM_GOODS',801,650.00,1,'茜茜开个收据'),('PO00000102','2011-03-01 16:25:29',652,908,'B',NULL,2,2,0.00,NULL,NULL,'65652575223851',4,'WAIT_BUYER_CONFIRM_GOODS',803,280.00,1,'丽丽，送两套字母'),('PO00000107','2011-03-01 19:51:22',660,909,'B',NULL,2,2,5.00,NULL,NULL,'65680132546251',5,'WAIT_BUYER_CONFIRM_GOODS',812,86.00,1,NULL),('PO00000106','2011-03-01 16:13:05',662,910,'B',NULL,2,2,0.00,NULL,NULL,'65650448905851',4,'WAIT_BUYER_CONFIRM_GOODS',810,810.00,1,'茜茜'),('PO00000109','2011-03-01 14:57:56',661,911,'B',NULL,2,2,22.00,NULL,NULL,'65642496933351',4,'WAIT_SELLER_SEND_GOODS',809,222.00,1,'丽丽，团购，到货再发'),('PO00000105','2011-03-01 08:59:07',659,912,'B',NULL,2,2,0.00,NULL,NULL,'65589361491551',3,'WAIT_BUYER_CONFIRM_GOODS',813,19.00,0,'丽丽，发QQ邮箱，540336037'),('PO00000108','2011-03-01 11:28:28',658,913,'B',NULL,2,2,10.00,NULL,NULL,'65602988540251',4,'卖家已发货，等待买家确认',811,208.00,1,NULL),('SO00000006','2011-03-02 01:23:43',NULL,951,'S',151,2,2,NULL,NULL,NULL,NULL,3,NULL,NULL,8970.00,0,NULL),('PO00000113','2011-03-02 15:30:23',703,1001,'B',NULL,2,2,5.00,NULL,NULL,'65788115110551',4,'WAIT_BUYER_CONFIRM_GOODS',1005,105.00,1,'丽丽。稠州宝贝代销单。到货后退款20元。'),('PO00000111','2011-03-02 17:48:00',702,1002,'B',NULL,2,2,5.00,NULL,NULL,'65804032305651',3,'卖家已发货，等待买家确认',1003,105.00,1,NULL),('PO00000110','2011-03-01 23:02:27',701,1003,'B',NULL,2,2,15.00,NULL,NULL,'65713045946451',5,'WAIT_BUYER_CONFIRM_GOODS',1004,187.00,1,NULL),('PO00000115','2011-03-01 17:03:35',705,1004,'B',NULL,2,2,0.00,NULL,NULL,'65664008799551',4,'WAIT_BUYER_CONFIRM_GOODS',1001,359.01,1,'丽丽'),('PO00000114','2011-03-02 10:12:05',2,1005,'B',NULL,2,2,10.00,NULL,NULL,'65733633644851',3,'WAIT_BUYER_CONFIRM_GOODS',1002,36.40,1,'代销单，地址：何莉 ，13612982171 ，0755-25656227 ，广东省 深圳市 罗湖区 华丽环岛环岛丽园丽好阁17H ，518001 '),('PO00000112','2011-03-02 13:12:25',704,1006,'B',NULL,2,2,10.00,NULL,NULL,'65759439242051',4,'WAIT_BUYER_CONFIRM_GOODS',1006,110.00,1,'茜茜'),('PO00000120','2011-03-02 19:01:39',709,1007,'B',NULL,2,2,5.00,NULL,NULL,'65812023860851',4,'WAIT_BUYER_CONFIRM_GOODS',1010,40.00,0,'茜茜电话改一下：15050546795'),('PO00000116','2011-03-01 22:31:57',2,1008,'B',NULL,2,2,20.00,NULL,NULL,'65708210004851',5,'WAIT_BUYER_CONFIRM_GOODS',1009,653.00,1,'代销单，要两本学生书，一张刻录CD。一定要发顺丰，尽快发货。'),('PO00000117','2011-03-02 20:26:20',707,1009,'B',NULL,2,2,0.00,NULL,NULL,'65829312610551',5,'卖家已发货，等待买家确认',1101,90.00,1,'茜茜'),('PO00000118','2011-03-02 20:24:31',708,1010,'B',NULL,2,2,0.00,NULL,NULL,'65829020850551',5,'卖家已发货，等待买家确认',1101,90.00,1,'茜茜'),('PO00000119','2011-02-27 16:09:20',710,1011,'B',NULL,2,2,7.00,NULL,NULL,'65362855587051',5,'WAIT_BUYER_CONFIRM_GOODS',1351,82.00,1,'茜茜'),('PO00000121','2011-02-27 15:49:08',706,1012,'B',NULL,2,2,0.00,NULL,NULL,'65359838467051',5,'WAIT_BUYER_CONFIRM_GOODS',1351,180.00,1,'茜茜'),('PO00000122','2011-03-03 15:37:09',751,1051,'B',NULL,2,2,5.00,NULL,NULL,'65926707217551',4,'WAIT_BUYER_CONFIRM_GOODS',1051,200.00,1,'丽丽，今天发货，急用'),('PO00000123','2011-03-02 23:38:52',2,1052,'B',NULL,2,2,8.00,NULL,NULL,'65855275484851',4,'WAIT_BUYER_CONFIRM_GOODS',1052,238.00,1,'代销单。送大礼包'),('PO00000124','2011-03-02 13:39:33',752,1053,'B',NULL,2,2,0.00,NULL,NULL,'65764054581251',3,'WAIT_BUYER_CONFIRM_GOODS',1053,2400.00,0,'茜茜付款后立即发货周六开课用'),('PO00000125','2011-03-03 17:15:41',753,1054,'B',NULL,2,2,20.00,NULL,NULL,'65942063674351',3,'WAIT_BUYER_CONFIRM_GOODS',1054,380.00,0,'丽丽，要学生书，今天一定发顺丰'),('PO00000126','2011-03-02 22:00:42',754,1055,'B',NULL,2,2,7.00,NULL,NULL,'65846318758551',4,'WAIT_BUYER_CONFIRM_GOODS',1055,169.00,1,NULL),('PO00000127','2011-03-03 14:14:55',755,1056,'B',NULL,2,2,18.00,NULL,NULL,'65908897064251',4,'WAIT_BUYER_CONFIRM_GOODS',1056,175.00,1,'丽丽'),('PO00000128','2011-03-03 12:17:01',703,1057,'B',NULL,2,2,20.00,NULL,NULL,'65894630890551',3,'WAIT_BUYER_CONFIRM_GOODS',1057,180.00,0,'丽丽，稠州宝贝代销单，今天一定发顺丰，急。'),('PO00000129','2011-03-03 14:21:03',2,1058,'B',NULL,2,2,15.00,NULL,NULL,'65909894304851',4,'WAIT_BUYER_CONFIRM_GOODS',1058,245.00,1,'代销单，不要放价格单。地址：罗雪辉 ，13651931425 ， ，上海 上海市 松江区 涞坊路1188弄（靠近九杜路）颐亭花园130号 ，201615 '),('PO00000130','2011-03-03 10:49:12',756,1059,'B',NULL,2,2,0.00,NULL,NULL,'65878094949851',4,'WAIT_BUYER_CONFIRM_GOODS',1059,1650.00,1,'丽丽，送大礼包。super先发一三册，第二册到货再发培训机构买的样书'),('PO00000131','2011-03-02 21:00:34',2,1060,'B',NULL,2,2,6.00,NULL,NULL,'65829602284851',4,'WAIT_BUYER_CONFIRM_GOODS',1060,150.00,1,'代销单'),('PO00000132','2011-03-03 16:09:56',2,1061,'B',NULL,2,2,10.00,NULL,NULL,'65927867004851',4,'WAIT_BUYER_CONFIRM_GOODS',1061,44.30,0,'代销单'),('PO00000133','2011-03-03 15:40:29',757,1062,'B',NULL,2,2,0.00,NULL,NULL,'65927246312751',4,'WAIT_BUYER_CONFIRM_GOODS',1062,17.10,1,'丽丽'),('PO00000134','2011-03-03 12:55:30',758,1063,'B',NULL,2,2,0.00,NULL,NULL,'65900133335351',6,'WAIT_BUYER_CONFIRM_GOODS',1256,390.00,1,'丽丽'),('PO00000135','2011-03-03 12:55:11',758,1064,'B',NULL,2,2,0.00,NULL,NULL,'65900077875351',6,'WAIT_BUYER_CONFIRM_GOODS',1256,490.00,1,'丽丽，普装的'),('PO00000136','2011-03-03 15:45:28',757,1065,'B',NULL,2,2,0.00,NULL,NULL,'65928061892751',4,'WAIT_BUYER_CONFIRM_GOODS',1065,11.40,1,'丽丽'),('PO00000137','2011-03-03 11:54:39',759,1066,'B',NULL,2,2,10.00,NULL,NULL,'65891811691751',3,'WAIT_SELLER_SEND_GOODS',1066,1690.00,0,'茜茜要开发票，1600等18号到货之后发'),('PO00000138','2011-03-03 16:27:00',757,1067,'B',NULL,2,2,0.00,NULL,NULL,'65934825612751',6,'WAIT_BUYER_CONFIRM_GOODS',1306,0.01,1,'丽丽，赠品书'),('PO00000139','2011-03-03 12:55:46',758,1068,'B',NULL,2,2,0.00,NULL,NULL,'65900175635351',6,'WAIT_BUYER_CONFIRM_GOODS',1256,670.00,1,'丽丽，后面还拍了本赠品书'),('PO00000140','2011-03-03 11:16:03',757,1069,'B',NULL,2,2,0.00,NULL,NULL,'65886624472751',6,'WAIT_BUYER_CONFIRM_GOODS',1306,284.05,1,'丽丽，送大礼包'),('PO00000141','2011-03-03 16:14:22',757,1070,'B',NULL,2,2,0.00,NULL,NULL,'65932795132751',4,'WAIT_BUYER_CONFIRM_GOODS',1070,47.50,1,'丽丽'),('PO00000142','2011-03-03 15:47:34',757,1071,'B',NULL,2,2,0.00,NULL,NULL,'65928404432751',4,'WAIT_BUYER_CONFIRM_GOODS',1071,57.00,1,'丽丽'),('PO00000143','2011-03-03 15:40:43',758,1072,'B',NULL,2,2,0.00,NULL,NULL,'65927284195351',6,'WAIT_BUYER_CONFIRM_GOODS',1256,0.01,1,'丽丽，赠品，和之前的一起发。'),('PO00000144','2011-03-03 10:42:29',760,1073,'B',NULL,2,2,10.00,NULL,NULL,'65877140688451',5,'WAIT_BUYER_CONFIRM_GOODS',1073,309.00,1,NULL),('PO00000145','2011-03-03 15:55:39',757,1074,'B',NULL,2,2,0.00,NULL,NULL,'65929736332751',4,'WAIT_BUYER_CONFIRM_GOODS',1074,26.60,1,'丽丽'),('PO00000146','2011-03-03 11:22:26',757,1075,'B',NULL,2,2,0.00,NULL,NULL,'65887552412751',6,'WAIT_BUYER_CONFIRM_GOODS',1306,188.10,1,'丽丽'),('PO00000147','2011-03-03 12:54:28',758,1076,'B',NULL,2,2,0.00,NULL,NULL,'65899962775351',6,'WAIT_BUYER_CONFIRM_GOODS',1256,250.00,1,'丽丽'),('PO00000148','2011-03-03 14:41:41',757,1077,'B',NULL,2,2,0.00,NULL,NULL,'65917585872751',6,'WAIT_BUYER_CONFIRM_GOODS',1306,27.55,1,'丽丽'),('PO00000149','2011-03-03 19:28:12',761,1078,'B',NULL,2,2,0.00,NULL,NULL,'65957294879151',4,'WAIT_SELLER_SEND_GOODS',1078,300.00,1,'丽丽，到货再发'),('PO00000150','2011-03-03 15:45:54',762,1079,'B',NULL,2,2,5.00,NULL,NULL,'65928131851751',2,'买家已付款，等待卖家发货',1079,32.99,0,'茜茜   发申通快递，请尽快发货'),('PO00000151','2011-03-03 15:31:54',757,1080,'B',NULL,2,2,0.00,NULL,NULL,'65925847192751',4,'WAIT_BUYER_CONFIRM_GOODS',1080,33.25,1,'丽丽'),('PO00000152','2011-03-04 00:47:03',801,1101,'B',NULL,2,2,NULL,NULL,NULL,NULL,3,NULL,1151,1048.00,1,NULL),('SO00000007','2011-03-04 01:01:31',NULL,1102,'S',201,2,1,45.00,NULL,NULL,NULL,2,NULL,NULL,12795.00,0,NULL),('PO00000153','2011-03-03 23:40:10',851,1151,'B',NULL,2,2,20.00,NULL,NULL,'65994769630151',4,'WAIT_BUYER_CONFIRM_GOODS',1251,118.00,1,'丽丽，急用，尽快发顺丰。'),('PO00000154','2011-03-03 22:01:23',852,1152,'B',NULL,2,2,18.00,NULL,NULL,'65977419206251',4,'WAIT_BUYER_CONFIRM_GOODS',1252,268.00,1,'丽丽，爱败团购'),('PO00000155','2011-03-04 14:26:14',853,1153,'B',NULL,2,2,0.00,NULL,NULL,'66047753097551',4,'WAIT_BUYER_CONFIRM_GOODS',1253,200.00,1,'茜茜'),('PO00000156','2011-03-04 17:52:33',854,1154,'B',NULL,1,2,19.00,NULL,NULL,'66076460194151',2,'WAIT_BUYER_CONFIRM_GOODS',1254,819.00,0,'丽丽，要8本love english Level 4，急，发顺丰'),('PO00000157','2011-03-04 15:41:30',855,1155,'B',NULL,2,2,0.00,NULL,NULL,'66057252223851',5,'WAIT_BUYER_CONFIRM_GOODS',1255,2040.00,1,'丽丽，phonics kids1-6各要两套，送两套大礼包（四套字母）sing and read要两套1-6全册。TFKIDS要两套。另送两本适合五六岁孩子的赠品书。注：所有的书都是要两套的，是两个人分，请分开两个包装包好。'),('PO00000158','2011-03-05 21:11:03',901,1201,'B',NULL,2,2,7.00,NULL,NULL,'66222531686851',4,'WAIT_BUYER_CONFIRM_GOODS',1301,169.00,1,'茜茜   赠送两本英文小书'),('PO00000159','2011-03-05 17:02:30',902,1202,'B',NULL,2,2,8.00,NULL,NULL,'66189814407051',5,'WAIT_BUYER_CONFIRM_GOODS',1302,313.00,1,NULL),('PO00000160','2011-03-05 23:45:31',903,1203,'B',NULL,2,2,5.00,NULL,NULL,'66246574073151',5,'WAIT_BUYER_CONFIRM_GOODS',1303,190.89,1,'茜茜'),('PO00000161','2011-03-05 12:21:16',904,1204,'B',NULL,2,2,5.00,NULL,NULL,'66152204135751',4,'WAIT_BUYER_CONFIRM_GOODS',1304,64.00,1,NULL),('PO00000162','2011-03-05 23:57:38',905,1205,'B',NULL,2,2,8.00,NULL,NULL,NULL,3,NULL,1305,260.00,1,NULL),('PO00000163','2011-03-06 13:33:20',951,1251,'B',NULL,2,2,5.00,NULL,NULL,'66285909006251',4,'WAIT_BUYER_CONFIRM_GOODS',1401,96.00,1,'丽丽，加十元送刻录CD'),('PO00000164','2011-03-06 13:39:56',703,1252,'B',NULL,2,2,20.00,NULL,NULL,'66286287790551',4,'WAIT_BUYER_CONFIRM_GOODS',1402,438.00,1,'丽丽，稠州宝贝代销单，送大礼包'),('PO00000165','2011-03-06 12:01:12',6,1253,'B',NULL,2,2,10.00,NULL,NULL,'66273207910351',4,'WAIT_BUYER_CONFIRM_GOODS',1403,220.00,1,'丽丽，德佳代销单'),('PO00000166','2011-03-06 15:23:48',952,1254,'B',NULL,2,2,5.00,NULL,NULL,'66301848717951',5,'WAIT_BUYER_CONFIRM_GOODS',1404,310.00,1,NULL),('PO00000167','2011-03-07 16:18:32',2,1301,'B',NULL,2,2,7.00,NULL,NULL,'66455514764851',4,'WAIT_BUYER_CONFIRM_GOODS',1451,237.00,1,'代销单，要大礼包'),('PO00000168','2011-03-06 20:41:46',1001,1302,'B',NULL,2,2,0.00,NULL,NULL,'66346829115951',4,'WAIT_BUYER_CONFIRM_GOODS',1452,415.00,1,'茜茜'),('PO00000169','2011-03-07 13:54:48',1002,1303,'B',NULL,2,2,7.00,NULL,NULL,'66430954881851',4,'WAIT_BUYER_CONFIRM_GOODS',1453,207.00,1,'丽丽，收到书后退款17元。'),('PO00000170','2011-03-07 01:19:28',6,1304,'B',NULL,2,2,0.00,NULL,NULL,'66381847950351',4,'WAIT_BUYER_CONFIRM_GOODS',1454,170.00,1,'丽丽，代销单。'),('PO00000171','2011-03-06 20:06:35',2,1305,'B',NULL,2,2,9.00,NULL,NULL,'66342421364851',4,'WAIT_BUYER_CONFIRM_GOODS',1455,61.80,1,'代销单，地址：赵澜 ，13792050069 ，0546-7771857 ，山东省 东营市 东营区 商河路步行街时尚莱迪台北二街一号阿澜服饰 ，257000 '),('PO00000172','2011-03-07 15:11:18',1003,1306,'B',NULL,2,2,10.00,NULL,NULL,'66443974722051',3,'WAIT_SELLER_SEND_GOODS',1456,315.00,0,NULL),('PO00000173','2011-03-06 19:19:00',1004,1307,'B',NULL,2,2,16.00,NULL,NULL,'66335408168851',5,'WAIT_BUYER_CONFIRM_GOODS',1457,796.00,1,'丽丽。三、四年级各一本学生书，另各配刻录CD yolanda/3/7  顺丰单号：200573693178'),('PO00000174','2011-03-07 10:07:28',1005,1308,'B',NULL,2,2,0.00,NULL,NULL,'66392650479751',4,'WAIT_BUYER_CONFIRM_GOODS',1458,200.00,0,'茜茜  赠送英语小书一本，发申通快递'),('PO00000175','2011-03-07 21:22:25',1006,1309,'B',NULL,2,2,0.00,NULL,NULL,'66500087181851',4,'WAIT_BUYER_CONFIRM_GOODS',1459,200.00,0,'丽丽。老客户，还送本小书。'),('PO00000176','2011-03-09 14:11:36',2,1351,'B',NULL,1,2,10.00,NULL,NULL,'66733999224851',2,'WAIT_BUYER_CONFIRM_GOODS',1551,160.00,0,'代销单，'),('PO00000177','2011-03-08 20:34:48',1051,1352,'B',NULL,1,2,5.00,NULL,NULL,'66631994617551',1,'卖家已发货，等待买家确认',1552,307.00,0,'茜茜'),('PO00000178','2011-03-08 20:36:04',1052,1353,'B',NULL,1,2,12.00,NULL,NULL,'66641601826651',2,'WAIT_BUYER_CONFIRM_GOODS',1553,1812.00,0,'茜茜get smart 4年级10套明天发货'),('PO00000179','2011-03-09 13:42:49',703,1354,'B',NULL,1,2,5.00,NULL,NULL,'66715744710551',2,'WAIT_BUYER_CONFIRM_GOODS',1554,85.00,0,'丽丽，稠州宝贝代销'),('PO00000180','2011-03-09 10:02:35',703,1355,'B',NULL,1,2,5.00,NULL,NULL,'66681681090551',2,'WAIT_BUYER_CONFIRM_GOODS',1555,65.00,0,'丽丽，稠州宝贝代销单，补上回多付的20元。'),('PO00000181','2011-03-08 16:17:11',1053,1356,'B',NULL,1,2,0.00,NULL,NULL,'66605095840051',1,'卖家已发货，等待买家确认',1556,299.00,0,'丽丽，送大礼包。'),('PO00000182','2011-03-09 11:34:46',2,1357,'B',NULL,1,2,10.00,NULL,NULL,'66708221064851',2,'WAIT_BUYER_CONFIRM_GOODS',1557,97.60,0,'代销单。2A的书+1A1B2A碟。'),('PO00000183','2011-03-08 21:21:45',1054,1358,'B',NULL,1,2,0.00,NULL,NULL,'66640776757951',1,'卖家已发货，等待买家确认',1558,254.15,0,'丽丽。共拍两套，发一个地址，分开包装。要收据，写上书名和价格。（每个包里放一张收据一套大礼包）'),('PO00000184','2011-03-08 21:53:22',1055,1359,'B',NULL,1,2,12.00,NULL,NULL,'66647076633951',2,'WAIT_BUYER_CONFIRM_GOODS',1559,311.00,0,NULL),('PO00000185','2011-03-08 19:37:35',1056,1360,'B',NULL,1,2,5.00,NULL,NULL,'66623092212751',2,'WAIT_BUYER_CONFIRM_GOODS',1560,284.00,0,'丽丽'),('PO00000186','2011-03-08 21:23:00',1054,1361,'B',NULL,1,2,0.00,NULL,NULL,'66641023357951',1,'卖家已发货，等待买家确认',1561,254.15,0,'丽丽。共拍两套，发一个地址，分开包装。要收据，写上书名和价格。（每个包里放一张收据一套大礼包）'),('PO00000187','2011-03-08 21:46:28',352,1362,'B',NULL,1,2,8.00,NULL,NULL,'66645675714951',2,'WAIT_BUYER_CONFIRM_GOODS',1562,397.50,0,'丽丽'),('PO00000188','2011-03-08 21:45:40',352,1363,'B',NULL,1,2,10.00,NULL,NULL,'66645508174951',2,'WAIT_BUYER_CONFIRM_GOODS',1563,360.00,0,'丽丽'),('PO00000189','2011-03-07 15:09:55',1057,1364,'B',NULL,1,2,10.00,NULL,NULL,'66440549136151',2,'WAIT_BUYER_CONFIRM_GOODS',1564,108.80,0,'茜茜 园通快递w609502008  安东尼'),('PO00000190','2011-03-09 11:46:24',2,1365,'B',NULL,1,2,10.00,NULL,NULL,'66709988924851',2,'WAIT_BUYER_CONFIRM_GOODS',1565,113.84,0,'代销单，地址：张晓丰 ，13504120039 ， ，辽宁省 鞍山市 铁东区 园林路99号鞍山市第九中学地理组 ，114000'),('PO00000191','2011-03-09 09:58:56',701,1366,'B',NULL,1,2,17.00,NULL,NULL,'66692778806451',1,'买家已付款，等待卖家发货',1566,199.79,0,NULL),('PO00000192','2011-03-09 20:19:09',2,1367,'B',NULL,1,2,18.00,NULL,NULL,'66791625804851',2,'WAIT_BUYER_CONFIRM_GOODS',1567,218.00,0,'代销单，十号到货再发。'),('PO00000193','2011-03-12 15:26:56',1101,1401,'B',NULL,1,2,0.00,NULL,NULL,'67156443920651',1,'卖家已发货，等待买家确认',1601,119.00,0,'丽丽'),('PO00000194','2011-03-09 16:28:00',1102,1402,'B',NULL,1,2,8.00,NULL,NULL,'66744822898951',1,'卖家已发货，等待买家确认',1602,107.00,0,NULL),('PO00000195','2011-03-13 01:11:57',1103,1403,'B',NULL,1,2,10.00,NULL,NULL,'67229839088451',1,'卖家已发货，等待买家确认',1603,309.00,0,'丽丽，送大礼包'),('PO00000196','2011-03-13 14:38:05',1104,1404,'B',NULL,1,2,6.00,NULL,NULL,'67274924582851',1,'卖家已发货，等待买家确认',1604,87.00,0,'茜茜  今天发货，不要发申通，申通不到  收货地址： 刘玉娥 ，15926038637， ，湖北省 潜江市 江汉油田广华丰收路2号87栋405室 ，433124  '),('PO00000197','2011-03-11 13:45:55',1105,1405,'B',NULL,1,2,0.00,NULL,NULL,'66993168995351',1,'卖家已发货，等待买家确认',1605,0.01,0,'丽丽，赠品'),('PO00000198','2011-03-12 23:00:38',1106,1406,'B',NULL,1,2,0.00,NULL,NULL,'67193330235951',1,'卖家已发货，等待买家确认',1606,550.00,0,'丽丽，TFKIDS要一年级上到三年级上，全五套。'),('PO00000199','2011-03-13 15:28:54',1107,1407,'B',NULL,1,2,8.00,NULL,NULL,'67256922337351',1,'卖家已发货，等待买家确认',1607,307.00,0,NULL),('PO00000200','2011-03-11 22:28:25',1108,1408,'B',NULL,1,2,30.00,NULL,NULL,'67091719849051',1,'卖家已发货，等待买家确认',1608,1100.00,0,'茜茜刻录DVD赠送和教师手册电子版，'),('PO00000201','2011-03-10 12:39:54',2,1409,'B',NULL,1,2,7.00,NULL,NULL,'66864111724851',1,'卖家已发货，等待买家确认',1609,237.00,0,'代销单，送大礼包'),('PO00000202','2011-03-10 11:21:01',1109,1410,'B',NULL,1,2,0.00,NULL,NULL,'66836144031551',1,'卖家已发货，等待买家确认',1610,342.00,0,'丽丽，只要学生书，今天一定发货。'),('PO00000203','2011-03-12 15:16:48',1110,1411,'B',NULL,1,2,8.00,NULL,NULL,'67129995270351',1,'卖家已发货，等待买家确认',1611,89.00,0,'茜茜'),('PO00000204','2011-03-12 15:23:19',1101,1412,'B',NULL,1,2,0.00,NULL,NULL,'67155938640651',1,'卖家已发货，等待买家确认',1612,99.00,0,'丽丽'),('PO00000205','2011-03-12 10:29:12',1111,1413,'B',NULL,1,2,0.00,NULL,NULL,'67118971989451',1,'卖家已发货，等待买家确认',1613,297.00,0,'茜茜发到这个地址  ： 广东省 广州市 越秀区 环市东水荫路2号华信大厦东座308 ，510170 '),('PO00000206','2011-03-11 00:17:38',2,1414,'B',NULL,1,2,10.00,NULL,NULL,'66970132924851',1,'卖家已发货，等待买家确认',1614,326.80,0,'代销单。另：补二年级上少发的书all about chocolate。注：一年级（上下）各两套；二年级下一套；三年级上一套。一共是六套。'),('PO00000207','2011-03-11 16:32:03',1112,1415,'B',NULL,1,2,5.00,NULL,NULL,'67043491064251',1,'卖家已发货，等待买家确认',1615,41.00,0,'丽丽，德佳代销单地址改：包卫红 ，13858038166 ，0571-83871690 ，浙江省 杭州市 萧山区 萧山高教园区浙江体育职业技术学院行政楼图书信息中心 ，311231  '),('PO00000208','2011-03-11 21:32:04',1054,1416,'B',NULL,1,2,0.00,NULL,NULL,'67059221717951',1,'卖家已发货，等待买家确认',1616,225.00,0,'丽丽，开口说英文1，sight words精装的要三本自然拼读1-3里面放一本开口说英语，另两本放一个包，都要放收据，写上书名和价格。'),('PO00000209','2011-03-11 10:31:15',1113,1417,'B',NULL,1,2,10.00,NULL,NULL,'66987959726851',1,'卖家已发货，等待买家确认',1617,590.00,0,'丽丽，加正版CD一张。'),('PO00000210','2011-03-13 15:00:08',1114,1418,'B',NULL,1,2,7.00,NULL,NULL,'67278236400251',1,'卖家已发货，等待买家确认',1618,169.00,0,'丽丽'),('PO00000211','2011-03-11 21:33:39',1054,1419,'B',NULL,1,2,0.00,NULL,NULL,'67059483117951',1,'卖家已发货，等待买家确认',1619,254.15,0,'丽丽，送大礼包。自然拼读1-3里面放一本开口说英语，另两本放一个包，都要放收据，写上书名和价格。'),('PO00000212','2011-03-10 18:53:21',2,1420,'B',NULL,1,2,5.00,NULL,NULL,'66920977464851',1,'卖家已发货，等待买家确认',1620,94.00,0,'代销单，周五一定发货'),('PO00000213','2011-03-13 15:55:11',2,1421,'B',NULL,1,2,5.00,NULL,NULL,'67286465884851',1,'卖家已发货，等待买家确认',1621,80.00,0,'代销单。'),('PO00000214','2011-03-11 12:32:19',1105,1422,'B',NULL,1,2,0.00,NULL,NULL,'66981723115351',1,'卖家已发货，等待买家确认',1622,279.00,0,'丽丽，送大礼包'),('PO00000215','2011-03-13 16:17:59',1054,1423,'B',NULL,1,2,0.00,NULL,NULL,'67264367717951',1,'卖家已发货，等待买家确认',1623,610.30,0,'丽丽，两套书分两个包装，每包里放一张单据。'),('PO00000216','2011-03-12 23:03:08',1115,1424,'B',NULL,1,2,5.00,NULL,NULL,'67193684156151',1,'卖家已发货，等待买家确认',1624,310.00,0,'丽丽，今天发货。'),('PO00000217','2011-03-10 11:12:27',1116,1425,'B',NULL,1,2,40.00,NULL,NULL,'66852328325051',1,'卖家已发货，等待买家确认',1625,1078.00,0,'丽丽，只要六套'),('PO00000218','2011-03-12 10:26:20',1111,1426,'B',NULL,1,2,0.00,NULL,NULL,'67118682609451',1,'卖家已发货，等待买家确认',1626,305.00,0,'发到这个地址  ： 广东省 广州市 越秀区 环市东水荫路2号华信大厦东座308 ，510170 '),('PO00000219','2011-03-11 13:09:37',1105,1427,'B',NULL,1,2,0.00,NULL,NULL,'66987273875351',1,'卖家已发货，等待买家确认',1627,100.00,0,'丽丽'),('PO00000220','2011-03-11 21:13:24',1117,1428,'B',NULL,1,2,10.00,NULL,NULL,'67056169759951',1,'卖家已发货，等待买家确认',1628,173.00,0,'茜茜'),('PO00000221','2011-03-10 23:25:32',301,1429,'B',NULL,1,2,0.00,NULL,NULL,'66944149198951',1,'卖家已发货，等待买家确认',1629,360.00,0,'丽丽，只要一本学生书，明天发货。'),('PO00000222','2011-03-11 14:47:06',1118,1430,'B',NULL,1,2,0.00,NULL,NULL,'67026136948051',1,'卖家已发货，等待买家确认',1630,1785.00,0,'丽丽，今天发货phonics kids 1-3一套，1A，1B各十套 super phonics一套 第一级六套第一级六套没发，要补发，地址改：地址:江苏省南京市建邺区水西门大街291号万达金街西区348，210000，任俊萍，   13914486161 '),('PO00000223','2011-03-13 16:03:24',2,1431,'B',NULL,1,2,5.00,NULL,NULL,'67287708384851',1,'卖家已发货，等待买家确认',1631,59.69,0,'代销单，we sing we play 要第一册。地址：王英瑛 ，13905769003 ，0576-88552833 ，浙江省 台州市 椒江区 浙江省台州市椒江东海大道788号 台州市食品药品检验所业务科 ，318000'),('PO00000224','2011-03-11 09:45:50',1119,1432,'B',NULL,1,2,0.00,NULL,NULL,'66958122577151',1,'卖家已发货，等待买家确认',1632,285.00,0,'丽丽，不要大礼包，下周到货再发。'),('PO00000225','2011-03-10 14:18:41',2,1433,'B',NULL,1,2,8.00,NULL,NULL,'66880242904851',1,'卖家已发货，等待买家确认',1633,130.00,0,'代销单。 love english starter 1教师手册。'),('PO00000226','2011-03-10 11:18:53',1116,1434,'B',NULL,1,2,24.00,NULL,NULL,'66853302645051',1,'卖家已发货，等待买家确认',1634,799.00,0,'丽丽'),('PO00000227','2011-03-10 14:08:47',1120,1435,'B',NULL,1,2,10.00,NULL,NULL,'66860856035951',1,'买家已付款，等待卖家发货',1635,138.00,0,'丽丽'),('PO00000228','2011-03-11 10:40:15',1113,1436,'B',NULL,1,2,8.00,NULL,NULL,'66989293226851',1,'买家已付款，等待卖家发货',1636,206.00,0,'丽丽'),('PO00000229','2011-03-14 00:29:45',1121,1437,'B',NULL,1,2,12.00,NULL,NULL,'67332678957151',1,'买家已付款，等待卖家发货',1637,175.00,0,'丽丽，加配套综合练习册。如果另一个发货前没付款，就先发1A书和配套练习册。急用。'),('PO00000230','2011-03-10 06:58:27',1122,1438,'B',NULL,1,2,10.00,NULL,NULL,'66833891305051',1,'买家已付款，等待卖家发货',1638,309.00,0,NULL),('PO00000231','2011-03-10 21:31:01',756,1439,'B',NULL,1,2,20.00,NULL,NULL,'66945857029851',1,'买家已付款，等待卖家发货',1639,208.00,0,'丽丽，要1-6全套。（价格里补上回super的退款220元）super 1,3册会寄回来，可以等收到书再发货。'),('PO00000232','2011-03-13 23:05:36',1123,1440,'B',NULL,1,2,0.00,NULL,NULL,'67351188462651',1,'买家已付款，等待卖家发货',1640,400.00,0,'丽丽，只要一套finger 分两次付。'),('PO00000233','2011-03-13 10:23:38',1124,1441,'B',NULL,1,2,24.00,NULL,NULL,'67215352516351',1,'买家已付款，等待卖家发货',1641,1260.90,0,'丽丽，3H全套七册书。phonicsA&B+1-6'),('PO00000234','2011-03-13 23:06:01',1123,1442,'B',NULL,1,2,0.00,NULL,NULL,'67351248182651',1,'买家已付款，等待卖家发货',1642,500.00,0,'丽丽，只要一套finger 分两次付。'),('PO00000235','2011-03-13 09:45:10',1125,1443,'B',NULL,1,2,20.00,NULL,NULL,'67211773618551',1,'买家已付款，等待卖家发货',1643,850.00,0,'茜茜此订单包含welcome 2B，3A的听力、读写、语法、综合练习册以及听力练习册的配套CD各一套'),('PO00000236','2011-03-10 14:13:47',1126,1444,'B',NULL,1,2,50.00,NULL,NULL,'66879444003451',1,'买家已付款，等待卖家发货',1644,3700.00,0,'丽丽，货到通知我电话13936667011');
/*!40000 ALTER TABLE `order_common` ENABLE KEYS */;
UNLOCK TABLES;

--
-- Table structure for table `order_contact`
--

DROP TABLE IF EXISTS `order_contact`;
/*!40101 SET @saved_cs_client     = @@character_set_client */;
/*!40101 SET character_set_client = utf8 */;
CREATE TABLE `order_contact` (
  `order_oid` int(11) NOT NULL,
  `name` varchar(50) DEFAULT NULL,
  `post_code` varchar(20) DEFAULT NULL,
  `phone_mobile` varchar(80) DEFAULT NULL,
  `phone_normal` varchar(80) DEFAULT NULL,
  `address` text,
  `email` varchar(100) DEFAULT NULL,
  PRIMARY KEY (`order_oid`),
  KEY `order_contact_fk_order` (`order_oid`),
  CONSTRAINT `order_contact_fk_order` FOREIGN KEY (`order_oid`) REFERENCES `order_common` (`oid`) ON DELETE NO ACTION ON UPDATE NO ACTION
) ENGINE=InnoDB DEFAULT CHARSET=utf8;
/*!40101 SET character_set_client = @saved_cs_client */;

--
-- Dumping data for table `order_contact`
--

LOCK TABLES `order_contact` WRITE;
/*!40000 ALTER TABLE `order_contact` DISABLE KEYS */;
INSERT INTO `order_contact` VALUES (2,NULL,NULL,NULL,NULL,NULL,NULL),(53,NULL,NULL,NULL,NULL,NULL,NULL),(101,NULL,NULL,NULL,NULL,NULL,NULL),(151,NULL,NULL,NULL,NULL,NULL,NULL),(201,'杨秋萍',NULL,'13816119236',NULL,'上海 上海市 浦东新区 丁香路1399弄25号301室    ',NULL),(202,'梁勇',NULL,'15072430121',NULL,'湖北省 武汉市 汉阳区 湖北武汉市沌口经济开发区珠山湖大道653号   商用车技术中心  ',NULL),(203,'袁焱',NULL,'13768861993',NULL,'广西壮族自治区 柳州市 城中区 广西柳州市文昌路8号柳州市人民医院住院部15楼呼吸科',NULL),(204,'江幸芳',NULL,'13980725768',NULL,'四川省 成都市 武侯区 新光路1号观南上域6栋16楼3号',NULL),(205,'鲍乐',NULL,'13775355053',NULL,'江苏省 镇江市 京口区 弥陀寺巷36幢302',NULL),(206,'张贵芳',NULL,'18951678274','025-52625067','江苏省 南京市 秦淮区 大明西路风光里39懂一单元801室 ，  ',NULL),(251,'刘加林',NULL,'13376211699','0510-83752685','江苏省 无锡市 惠山区 西漳天一城3-703',NULL),(252,'李丽星',NULL,'13600401958',NULL,'广东省 深圳市 南山区 后海大道蔚蓝海岸2期23栋28B',NULL),(253,'吴晓红',NULL,'13771969192',NULL,'江苏省 苏州市 金阊区 干将西路1358号苏州三元中学',NULL),(254,'易老师',NULL,'13549662451',NULL,'湖南省 长沙市 岳麓区 荣湾镇新民路，久和物业大厦401',NULL),(255,'范阳',NULL,'13362486442','0574-87553260','浙江省 宁波市 江东区 兴宁路400号二幢406室',NULL),(256,'龙志伟',NULL,'13580563763','020-61023056','广东省 广州市 天河区 天河区华景北路195号3103房',NULL),(257,'冯蓝',NULL,'13682552510',NULL,'广东省 深圳市 罗湖区 深圳罗湖区宝岗路祥福雅居彩虹阁1608',NULL),(258,'王晓艳',NULL,'13065779393',NULL,'浙江省 绍兴市 绍兴县 省:浙江省 市:绍兴市 区:越城区  水木清华12幢103室',NULL),(259,'谢红雁',NULL,'13316352280',NULL,'广东省 惠州市 惠阳区 淡水镇下土湖棕榈岛学校',NULL),(260,'谭欣欣',NULL,'13402041234',NULL,'上海 上海市 浦东新区 浦东新区大同路1010弄26号204室',NULL),(261,'谢红雁',NULL,'13316352280',NULL,'广东省 惠州市 惠阳区 淡水镇下土湖棕榈岛学校',NULL),(262,'沈宏伟',NULL,'18961775026','0510-85070672','江苏省 无锡市 滨湖区 万科城市花园一区75幢301室',NULL),(263,'龙志伟',NULL,'13580563763','020-61023056','广东省 广州市 天河区 天河区华景北路195号3103房',NULL),(264,'Chris',NULL,'13776159906',NULL,'江苏省 苏州市 昆山市 江蘇省昆山市苇城南路1666号清华科技园科技大厦4楼天可软件 ，',NULL),(265,'蒋洪蓉',NULL,'13916216728',NULL,'上海 上海市 闵行区 上海市兴梅路1199弄春申景城二期29号1103室',NULL),(266,'张琳',NULL,'15881049288',NULL,'四川省 成都市 青羊区 下同仁路126号院1单元15楼60号',NULL),(267,'易鑫',NULL,'13435735610',NULL,'广东省 中山市   中山市竹苑天竹街9幢206',NULL),(268,'向京灵',NULL,'13125111870','027-83931982','湖北省 武汉市 东西湖区 武汉市常青花园18号楼55栋2单元301',NULL),(269,'朱庭凯',NULL,'13037114701','027-81813313','湖北省 武汉市 江夏区 纸坊古驿道172号国税局',NULL),(270,'刘宗华',NULL,'13097169696',NULL,'江西省 赣州市 安远县 江西安远一中',NULL),(271,'易鑫',NULL,'13435735610',NULL,'广东省 中山市 null 中山市竹苑天竹街9幢206',NULL),(272,'杨宝琴',NULL,'15257500085','0575-88606557','浙江省 绍兴市 越城区 投醪河路稽山中学高一理科办公室',NULL),(273,'易老师',NULL,'13549662451',NULL,'湖南省 长沙市 岳麓区 荣湾镇新民路，久和物业大厦401',NULL),(274,'李姜',NULL,'13844787441',NULL,'吉林省 延边朝鲜族自治州 延吉市 吉林省 延边朝鲜族自治州 延吉市 建工街道木材小区1号楼1单元301 ，',NULL),(275,'李丽星',NULL,'13600401958',NULL,'广东省 深圳市 南山区 后海大道蔚蓝海岸2期23栋28B',NULL),(301,'Jeff Obadal',NULL,'15334394707','0871-4316005','云南省 昆明市 盘龙区 罗丈村金色西路317号云南韩国国际学校',NULL),(302,'黄娟娟',NULL,'13435411107',NULL,'广东省 佛山市 禅城区 魁奇一路丽日玫瑰商业街PB17号',NULL),(303,'张京芃',NULL,'15207143010',NULL,'湖北省 武汉市 硚口区 古田三路东方花城45-1-601',NULL),(304,'刘加林',NULL,'13376211699','0510-83752685','江苏省 无锡市 惠山区 西漳天一城3-703',NULL),(305,'黄娟娟',NULL,'13435411107',NULL,'广东省 佛山市 禅城区 魁奇一路丽日玫瑰商业街PB17号',NULL),(351,'张鸣',NULL,'13564990422',NULL,'上海 上海市 静安区 上海 上海市 静安区 武宁南路442号517室 ',NULL),(352,'杨慧颖',NULL,'13061626898',NULL,'上海 上海市 浦东新区 上海市 上海浦东桃林路815弄9号302',NULL),(353,'高楠',NULL,'13661113393',NULL,'北京 北京市 海淀区 彰化南路18号　玉北商务楼　7号楼310室 ， ',NULL),(354,'倪小姐收',NULL,'13502994899','0754-88899260','广东省 汕头市 龙湖区 长平东路阳光海岸协和水岸4栋梁1304房',NULL),(355,' 甘慧',NULL,'13922632660','0758-8513256','广东省 肇庆市 高要市 金渡镇金渡工业园D1区 阿莱斯（高要）化工有限公司 ',NULL),(356,'李虹 ',NULL,'13958155892','0571-86511565','浙江省 杭州市 上城区 始版桥花园6幢4单元 ',NULL),(401,'李虹',NULL,'13958155892','0571-86511565','浙江省 杭州市 上城区 始版桥花园6幢4单元',NULL),(402,'苏珊',NULL,'13861355192','0511-85891001','江苏省 镇江市 丹徒区 辛丰工业园（江苏富林医疗设备有限公司） ，',NULL),(403,'叶嘉静',NULL,'13824238558','0752-3361192','广东省 惠州市 惠阳区 淡水南门大街68号天安商业大厦六楼（麦当劳楼上）',NULL),(404,'黄国华',NULL,'13606358568',NULL,'山东省 聊城市 东昌府区 闸口北步行街D1-24聊城电脑虎有限公司',NULL),(405,'叶立前',NULL,'15295258949','0523-83553765','江苏省 泰州市 兴化市 兴化市安丰镇新世纪花园南侧5米，英语培训中心',NULL),(406,'张舒',NULL,'13083200496',NULL,'安徽省 马鞍山市 雨山区 雨山区法院',NULL),(407,'黄庆菊',NULL,'13377529922','0752-2869336','广东省 惠州市 惠城区 惠州江北邮电新村四栋C座301',NULL),(408,'吴永珍',NULL,'13765202209','0852-8950595','贵州省 遵义市 汇川区 贵州省遵义市汇川区上海路830号 遵义师范学院',NULL),(409,'王英瑛',NULL,'13905769003','0576-88552833','浙江省 台州市 椒江区 浙江省台州市椒江东海大道788号 台州市食品药品检验所业务科 ， ',NULL),(410,'蔡雨浩',NULL,'15029198884',NULL,'江苏省 苏州市 张家港市 玉兰路11号东方明珠艺术培训中心',NULL),(451,'钱静影',NULL,'13818475113',NULL,'上海 上海市 闸北区 上海市 闸北区 岭南路 100弄 2号 401室',NULL),(452,'谢丽',NULL,'13662544195','020-31360698','广东省 广州市 海珠区 江燕路111号南珠北街13号907房',NULL),(453,'许林珏',NULL,'15968529905',NULL,'浙江省 绍兴市 新昌县 人民中路187-189号2楼（县府对面）环球英语培训中心',NULL),(454,'任丽萍',NULL,'13818621076',NULL,'上海 上海市 浦东新区 上海龙阳路1880弄40号301',NULL),(455,'余小华',NULL,'13542162960','0750-3508808','广东省 江门市 蓬江区 江会路71号绿源大厦',NULL),(501,'戴妍',NULL,'13957449881','0574-82691285','浙江省 宁波市 镇海区 张和祥小学茗园路48号',NULL),(502,'张馨',NULL,'13841995066',NULL,'辽宁省 辽阳市 太子河区 泰丰开发区繁荣路中段辽阳川佳制浆造纸机械有限公司',NULL),(503,'戴妍',NULL,'13957449881','0574-82691285','浙江省 宁波市 镇海区 张和祥小学茗园路48号',NULL),(504,'张永娟Lisa',NULL,'15133680131',NULL,'河北省 廊坊市 广阳区 新华路80号交通大厦C座4层瑞思学科英语',NULL),(505,'曾敏虹',NULL,'13968128315','0571-64750638','浙江省 杭州市 建德市 新世纪实验学校',NULL),(506,'戴妍',NULL,'13957449881','0574-82691285','浙江省 宁波市 镇海区 张和祥小学茗园路48号',NULL),(507,'戴妍',NULL,'13957449881','0574-82691285','浙江省 宁波市 镇海区 张和祥小学茗园路48号',NULL),(508,'陈凤君',NULL,'18667811828',NULL,'浙江省 宁波市 慈溪市 浙江省慈溪市景观花苑4#12C',NULL),(509,'成韵',NULL,'18945664321','0451-86433487','黑龙江省 哈尔滨市 南岗区 下夹树街59号1单元302',NULL),(510,'张馨',NULL,'13841995066',NULL,'辽宁省 辽阳市 太子河区 泰丰开发区繁荣路中段辽阳川佳制浆造纸机械有限公司',NULL),(511,'汤蔚',NULL,'13661714258 ',NULL,'上海 上海市 浦东新区 汤蔚 ，13661714258 ， ，上海 上海市 浦东新区 上海浦东张江碧波路889号A405室 ，201203 ',NULL),(512,'成韵',NULL,'18945664321','0451-86433487','黑龙江省 哈尔滨市 南岗区 下夹树街59号1单元302',NULL),(513,'郭晓娟',NULL,'13524557608',NULL,'上海 上海市 普陀区 宜川六村32号宜川六村幼儿园',NULL),(514,'郭晓娟',NULL,'13524557608',NULL,'上海 上海市 普陀区 宜川六村32号宜川六村幼儿园',NULL),(551,NULL,NULL,NULL,NULL,NULL,NULL),(601,'潘妹',NULL,'13818130423',NULL,'上海 上海市 闵行区 梅富路628弄18号',NULL),(602,'胡楠',NULL,'13873194597',NULL,'湖南省 长沙市 雨花区 长沙市雨花区香樟路圭塘雅礼寄宿制中学初一年级组',NULL),(603,'顾洪明',NULL,'13585811226',NULL,'上海 上海市 闵行区 青杉路388号110室',NULL),(604,'赵琛',NULL,'13942847949',NULL,'辽宁省 大连市 中山区 七星街92号御景花园7-3-402 ',NULL),(605,'毛珊',NULL,'13981816474',NULL,'四川省 成都市 武侯区 广福桥北街巴黎阳光6-1-1',NULL),(651,'郭艳琴',NULL,'13941256341','0412-5522310','辽宁省 鞍山市 铁东区 万科写字楼2012室',NULL),(652,'常润',NULL,'13426152652',NULL,'北京 北京市 朝阳区 东苇路万象新天家园135号楼3-101',NULL),(653,'王婧平',NULL,'15155058279',NULL,'安徽省 滁州市 天长市 铜城镇车站北路104号 天正超市镇鸿店',NULL),(654,'王坤雅',NULL,'15921846438','021-68896322','上海 上海市 浦东新区 碧波路889号',NULL),(701,'俞丹',NULL,'15952078288','025-57422716','江苏省 南京市 溧水县 经济开发区团山东路11号南京欧瑞机械锻造有限公司',NULL),(702,'俞丹',NULL,'15952078288','025-57422716','江苏省 南京市 溧水县 经济开发区团山东路11号南京欧瑞机械锻造有限公司',NULL),(703,'俞丹',NULL,'15952078288','025-57422716','江苏省 南京市 溧水县 经济开发区团山东路11号南京欧瑞机械锻造有限公司',NULL),(704,'夏伟林',NULL,'13371922253','021-56809016','上海 上海市 金山区 上海市金山区石化街道卫零路345号101室（金山区食品药品监督所）',NULL),(751,'聂铭汉',NULL,'13736434012','0573-82693636','浙江省 嘉兴市 南湖区 城南骏力路320号康乔太阳城幼儿园',NULL),(752,'陈旭东',NULL,'13913395602',NULL,'江苏省 南京市 鼓楼区 龙江花园腾飞园13栋401室',NULL),(753,'聂铭汉',NULL,'13736434012','0573-82693636','浙江省 嘉兴市 南湖区 城南骏力路320号康乔太阳城幼儿园',NULL),(754,'聂铭汉',NULL,'13736434012','0573-82693636','浙江省 嘉兴市 南湖区 城南骏力路320号康乔太阳城幼儿园',NULL),(801,'叶立前',NULL,'15295258949','0523-83553765','江苏省 泰州市 兴化市 兴化市安丰镇新世纪花园南侧5米，英语培训中心',NULL),(802,'宋威',NULL,'13596078177','0431-85539711','吉林省 长春市 朝阳区 前进大街3号,晨光花园B座1801',NULL),(803,'宋威',NULL,'13596078177','0431-85539711','吉林省 长春市 朝阳区 前进大街3号,晨光花园B座1801',NULL),(804,'聂铭汉',NULL,'13736434012','0573-82693636','浙江省 嘉兴市 南湖区 城南骏力路320号康乔太阳城幼儿园',NULL),(805,'牛红霞',NULL,'13888793302',NULL,'云南省 昆明市 盘龙区 北京路延长线颐高数码B座4楼，苏斯婴童生活中心',NULL),(806,'朱小姐',NULL,'13660012632',NULL,'广东省 广州市 越秀区 广州市流花路109号之九达宝广场五楼',NULL),(807,'张晶',NULL,'13910559762',NULL,'北京 北京市 昌平区 昌平区天通西苑西一区2号楼3门',NULL),(851,'刘宇',NULL,'13522445629','010-59511009','北京 北京市 宣武区 广安门外大街305号广源小区西区1号楼3门2302',NULL),(901,'曾慧芬',NULL,'13338257768',NULL,'福建省 福州市 鼓楼区 鼓东路44号8楼福建省民政厅监察室',NULL),(902,'王晓萍',NULL,'13386205235','021-64808930','上海 上海市 闵行区 平南四村4号601室',NULL),(903,'李佳佳',NULL,'13783361768','0396-2893539','河南省 驻马店市 驿城区 驻马店市正阳路光明小区6号楼',NULL),(904,'朱丽娜',NULL,'13805151262','025-85080909','江苏省 南京市 下关区 黄家圩路41-1号红山创意园B4-2幢',NULL),(905,'朱丽娜',NULL,'13805151262','025-85080909','江苏省 南京市 下关区 黄家圩路41-1号红山创意园B4-2幢',NULL),(906,'卢琼',NULL,'13858850202','0577-89980269','浙江省 温州市 鹿城区 金桥路2号1709室 ， ',NULL),(907,'张萍',NULL,'13811946898','010-87610470','北京 北京市 大兴区 北京经济技术开发区天华北街7号院11栋1-302室',NULL),(908,'刘燕',NULL,'13916062989',NULL,'上海 上海市 浦东新区 浦东新区瑞庆路526号3号楼3楼',NULL),(909,'蔡小姐',NULL,'13701821772',NULL,'上海 上海市 闵行区 都市路4580弄14号401室',NULL),(910,'姜华',NULL,'15051844612','025-86690989','江苏省 南京市 建邺区 江东中路222号南京奥体中心主体育场5108工程部',NULL),(911,'黄河',NULL,'13978819001',NULL,'广西壮族自治区 南宁市 西乡塘区 大学东路98号5栋3单元102号',NULL),(912,'王志申',NULL,'13313335762','0335-3161168','河北省 秦皇岛市 海港区 建设大街东段 中国－阿拉伯化肥有限公司设备部',NULL),(913,'陈粟',NULL,'13601272200',NULL,'北京 北京市 朝阳区 北四环中路6号深蓝华亭E-25E',NULL),(951,NULL,NULL,NULL,NULL,NULL,NULL),(1001,'章洁',NULL,'13906529837',NULL,'浙江省 杭州市 下城区 建国北路736号浙商银行市场拓展一部',NULL),(1002,'周婷婷',NULL,'13817791279','021-63217420-8747','上海 上海市 黄浦区 上海市汉口路151号7F，结构一所',NULL),(1003,'DOUGLAS KIM',NULL,'18918257014','021-22156666','上海 上海市 普陀区 大渡河路158号 新发展亚太万豪酒DIRECTOR OF RESTAURANTS',NULL),(1004,'ken',NULL,'13724340549',NULL,'广东省 深圳市 福田区 深圳市福田区新洲二街南溪新苑A1113',NULL),(1005,'何莉',NULL,'13612982171','0755-25656227','广东省 深圳市 罗湖区 广东省 深圳市 罗湖区 华丽环岛环岛丽园丽好阁17H ， ',NULL),(1006,'潘小玲',NULL,'13923256162','0757-22222234-1234','广东省 佛山市 顺德区 容桂江南路10号',NULL),(1007,'劉文娟',NULL,'13913934280','025-81654759','江苏省 南京市 秦淮区 南京市秦淮區三條營8號后门',NULL),(1008,'梁家瑞老师',NULL,'13874932233',NULL,'湖南省 长沙市 岳麓区 雷锋大道 九公里处 长沙医学院 ， ',NULL),(1009,'汤长泉',NULL,'13968770868',NULL,'浙江省 温州市 乐清市 浙江省乐清市柳市镇新市中街132号（柳市镇卫生院外科）',NULL),(1010,'汤长泉',NULL,'13968770868',NULL,'浙江省 温州市 乐清市 浙江省乐清市柳市镇新市中街132号（柳市镇卫生院外科）',NULL),(1011,'钟佳佳',NULL,'15058796399',NULL,'浙江省 温州市 苍南县 龙港镇龙港高级中学高二（1）班',NULL),(1012,'钟佳佳',NULL,'15058796399',NULL,'浙江省 温州市 苍南县 龙港镇龙港高级中学高二（1）班',NULL),(1051,'周莺',NULL,'13476174600',NULL,'湖北省 武汉市 青山区 建设三路江南春城1栋2单元1802 室',NULL),(1052,'胡萍',NULL,'15071137775','027-83461673','湖北省 武汉市 硚口区 汉口建设大道384号湖北省公路局办公大楼409室 ， ',NULL),(1053,'施幸妤',NULL,'13306281000',NULL,'江苏省 南通市 海门市 海门市 东方雁大饭店 　　海门电视塔旁',NULL),(1054,'雷蕾',NULL,'15914119610',NULL,'广东省 深圳市 龙岗区 布吉德兴花园德禧苑2栋A座602',NULL),(1055,'程刚',NULL,'13901910988',NULL,'上海 上海市 闵行区 都市路2088弄天籁园21号',NULL),(1056,'杨磊',NULL,'15037306144',NULL,'河南省 新乡市 牧野区 河南新乡 建设东路46号 河南师范大学',NULL),(1057,'吴莎莉',NULL,'13960287233',NULL,'福建省 泉州市 鲤城区 福建泉州裴巷129号金鑫宿舍A-303',NULL),(1058,'罗雪辉 ',NULL,'13651931425',NULL,'上海 上海市 松江区 涞坊路1188弄（靠近九杜路）颐亭花园130号',NULL),(1059,'徐鑫敏',NULL,'13875112379','0736-7177505','湖南省 常德市 武陵区 市政务中心对面东升大厦四楼派乐多快乐英语',NULL),(1060,'朱钰',NULL,'15902332023',NULL,'重庆 重庆市 南岸区 融侨半岛风临洲B3区1-16-4 ，',NULL),(1061,'Ron Cune ',NULL,'13910210872','0086-1065102010','北京 北京市 朝阳区 双井,朝阳区广渠门外大街,富力成D区27号楼901室 ， ',NULL),(1062,'卢鹏飞',NULL,'13802553995',NULL,'广东省 深圳市 南山区 中山园路中山怡景花园1E801',NULL),(1063,'高云霞',NULL,'13910730023',NULL,'北京 北京市 石景山区 北京市石景山区古城西路8号南院合康科技发展有限责任公司研发中心',NULL),(1064,'高云霞',NULL,'13910730023',NULL,'北京 北京市 石景山区 北京市石景山区古城西路8号南院合康科技发展有限责任公司研发中心',NULL),(1065,'卢鹏飞',NULL,'13802553995',NULL,'广东省 深圳市 南山区 中山园路中山怡景花园1E801',NULL),(1066,'孙旦诞',NULL,'13961848684',NULL,'江苏省 无锡市 南长区 清扬路7号联通大厦17楼EF',NULL),(1067,'卢鹏飞',NULL,'13802553995',NULL,'广东省 深圳市 南山区 中山园路中山怡景花园1E801',NULL),(1068,'高云霞',NULL,'13910730023',NULL,'北京 北京市 石景山区 北京市石景山区古城西路8号南院合康科技发展有限责任公司研发中心',NULL),(1069,'卢鹏飞',NULL,'13802553995',NULL,'广东省 深圳市 南山区 中山园路中山怡景花园1E801',NULL),(1070,'卢鹏飞',NULL,'13802553995',NULL,'广东省 深圳市 南山区 中山园路中山怡景花园1E801',NULL),(1071,'卢鹏飞',NULL,'13802553995',NULL,'广东省 深圳市 南山区 中山园路中山怡景花园1E801',NULL),(1072,'高云霞',NULL,'13910730023',NULL,'北京 北京市 石景山区 北京市石景山区古城西路8号南院合康科技发展有限责任公司研发中心',NULL),(1073,'周玮',NULL,'13910564963','010-59352080','北京 北京市 西城区 北京市西城区太平桥大街8号西城晶华9#-1-401室',NULL),(1074,'卢鹏飞',NULL,'13802553995',NULL,'广东省 深圳市 南山区 中山园路中山怡景花园1E801',NULL),(1075,'卢鹏飞',NULL,'13802553995',NULL,'广东省 深圳市 南山区 中山园路中山怡景花园1E801',NULL),(1076,'高云霞',NULL,'13910730023',NULL,'北京 北京市 石景山区 北京市石景山区古城西路8号南院合康科技发展有限责任公司研发中心',NULL),(1077,'卢鹏飞',NULL,'13802553995',NULL,'广东省 深圳市 南山区 中山园路中山怡景花园1E801',NULL),(1078,'倪波',NULL,'13801861773','021-62858436','上海 上海市 普陀区 桐柏路30弄9号102室',NULL),(1079,'丁小君',NULL,'13575620633','0580-2939999','浙江省 舟山市 定海区 鸭蛋山金鹰工业园区钢结构分公司',NULL),(1080,'卢鹏飞',NULL,'13802553995',NULL,'广东省 深圳市 南山区 中山园路中山怡景花园1E801',NULL),(1101,NULL,NULL,NULL,NULL,NULL,NULL),(1102,NULL,NULL,NULL,NULL,NULL,NULL),(1151,'邹艳',NULL,'13554685010',NULL,'湖北省 武汉市 汉阳区 湖北省武汉市经济技术开发区沌口街武汉晨鸣汉阳纸业股份有限公司',NULL),(1152,'陈小姐',NULL,'13683095559',NULL,'北京 北京市 朝阳区 北京朝阳区北四环东路望京桥北口鹿港嘉苑4-2-2102',NULL),(1153,'易勤',NULL,'13392298989','0757-22336183','广东省 佛山市 顺德区 大良镇南国东路2号',NULL),(1154,'施幸妤',NULL,'18936186000','0513-82227888','江苏省 南通市 海门市 东方雁大饭店 靠近海门电视塔旁 ',NULL),(1155,'王锦玲',NULL,'13758918995',NULL,'浙江省 金华市 浦江县 大许中心小学',NULL),(1201,'潘洁',NULL,'13601959094',NULL,'上海 上海市 宝山区 华灵路1895弄105号401',NULL),(1202,'柯勤',NULL,'13872060923',NULL,'湖北省 黄石市 黄石港区 花湖大道66号地税局',NULL),(1203,'严炜炯',NULL,'13816326067',NULL,'上海 上海市 闵行区 闵行区珠城路99弄12号201室',NULL),(1204,'阮鹏程转YURYU',NULL,'15902154165','021-64212862','上海 上海市 闵行区 沪青平公路180弄21号101室',NULL),(1205,NULL,NULL,NULL,NULL,NULL,NULL),(1251,'金莉',NULL,'13588190534',NULL,'浙江省 杭州市 下城区 中河北路１０８号港航大厦西１０９',NULL),(1252,'丛帅',NULL,'13998313090','024-23921974','辽宁省 沈阳市 和平区 文安路10-2，3-2-1 ',NULL),(1253,'陈威',NULL,'15071336554',NULL,'湖北省 武汉市 武昌区 武汉庙山经济开发区华中科技园武汉华中数控股份有限公司质量部 ，318050 ',NULL),(1254,'沈潞潞',NULL,'13601465945',NULL,'江苏省 南京市 鼓楼区 北京西路69-1号华瑰园9-703室',NULL),(1301,'刘晓静',NULL,'13958029451',NULL,'浙江省 杭州市 余杭区 浙江省杭州市余杭区闲林镇闲林山水海棠苑9幢2单元101室 ， ',NULL),(1302,'俞蕾',NULL,'13738299708','0573-82838861','浙江省 嘉兴市 南湖区 南湖区 农翔路 嘉兴市实验小学东区',NULL),(1303,'罗朋',NULL,'13805336670',NULL,'江苏省 苏州市 昆山市 雍景湾东苑11幢105',NULL),(1304,' 于雯',NULL,'13588111107',NULL,'浙江省 杭州市 西湖区 嘉绿苑南6-2-101 ',NULL),(1305,'赵澜',NULL,'13792050069','0546-7771857','山东省 东营市 东营区 商河路步行街时尚莱迪台北二街一号阿澜服饰 ， ',NULL),(1306,'梁慈',NULL,'15920451678',NULL,'广东省 广州市 越秀区 广州市越秀区东山口合群一马路恒润大厦65～67号七楼',NULL),(1307,'甘文',NULL,'13436674388','010-84012445','北京 北京市 西城区 地安门内大街 40号院5门3层69号',NULL),(1308,'朱小兰',NULL,'13921717322',NULL,'江苏省 泰州市 兴化市 申通快递公司（上海风情）',NULL),(1309,'王晓光',NULL,'13561953227',NULL,'山东省 日照市 东港区 北京路188号 日照大厦 12楼 1208室 ',NULL),(1351,'张有华',NULL,'13681317892',NULL,'北京 北京市 昌平区 城北街道水库路管厂宿舍（菓岭小镇东侧）楼1号楼3单元411号 ',NULL),(1352,'赵鹏飞',NULL,'13913197401','0512-65324750','江苏省 苏州市 金阊区 干将西路彩香一村四区14幢305室',NULL),(1353,'蔡爽',NULL,'15543632152',NULL,'吉林省 长春市 朝阳区 清华路448号君子大厦三楼 英伦国际英语',NULL),(1354,'方芳 ',NULL,'13757115553','0571-88857535','浙江省 杭州市 西湖区 万塘路252号计量大厦605室视得安公司',NULL),(1355,'叶俊颖',NULL,'15000788853',NULL,'上海 上海市 浦东新区  峨山路613号C楼103室 ',NULL),(1356,'徐民',NULL,'13812276547',NULL,'江苏省 无锡市 南长区 五星家园36号601室',NULL),(1357,'王佳',NULL,'13510086336 ',NULL,'广东省 深圳市 龙岗区 深圳市龙岗区坂田万科四季花城六期海桐苑 F座501室 ， ',NULL),(1358,'刘宁',NULL,'13863503600','0635-6982286','山东省 聊城市 东昌府区 闸北小区（东关小学西）9号楼432',NULL),(1359,'刘松',NULL,'13998420571','0411-82892226','辽宁省 大连市 中山区 明泽街明泽苑23号楼1单元801',NULL),(1360,'顾晓蓉',NULL,'13705186407','025-84497299','江苏省 南京市 白下区 御道街54号御道家园01幢204室',NULL),(1361,'刘宁',NULL,'13863503600','0635-6982286','山东省 聊城市 东昌府区 闸北小区（东关小学西）9号楼432',NULL),(1362,'毛珊',NULL,'13981816474',NULL,'四川省 成都市 武侯区 广福桥北街巴黎阳光6-1-1',NULL),(1363,'毛珊',NULL,'13981816474',NULL,'四川省 成都市 武侯区 广福桥北街巴黎阳光6-1-1',NULL),(1364,'邓薇',NULL,'13714675520',NULL,'广东省 深圳市 福田区 新闻路76号华泰综合楼东座510',NULL),(1365,'张晓丰',NULL,'13504120039',NULL,'辽宁省 鞍山市 铁东区 园林路99号鞍山市第九中学地理组 ',NULL),(1366,'DOUGLAS KIM',NULL,'18918257014','021-22156666','上海 上海市 普陀区 大渡河路158号 新发展亚太万豪酒DIRECTOR OF RESTAURANTS',NULL),(1367,'李娜',NULL,'13811668551',NULL,'北京 北京市 朝阳区 首都机场宿舍区东平里13号楼6单元3层 6301-2 ， ',NULL),(1401,'叶钧',NULL,'13917341662',NULL,'上海 上海市 浦东新区 浦东东三里桥路888号（近东方路）上海人民印刷八厂 五楼计划科 ',NULL),(1402,'翁笑艳',NULL,'15306910361','0591-87335321','福建省 福州市 晋安区 福州市晋安区金鸡山路32号 福州市环境保护监测站',NULL),(1403,'刘小戈',NULL,'13811297693','010-62389702','北京 北京市 昌平区 回龙观流星花园三区29号楼二单元202',NULL),(1404,'刘玉娥',NULL,'15908622619',NULL,'湖北省 潜江市   江汉油田广华丰收路2号87栋405室',NULL),(1405,'汤莉琴',NULL,'13816221944',NULL,'上海 上海市 普陀区 中谭路99弄215号1905室',NULL),(1406,'唐燕',NULL,'13115371099',NULL,'黑龙江省 鸡西市 鸡冠区 鸡西市第一中学高三外语组',NULL),(1407,'曾江丽',NULL,'13549539287',NULL,'湖南省 郴州市 嘉禾县 嘉禾一中和美小区5栋601室',NULL),(1408,'周广森',NULL,'13018185856','0813-5111554','四川省 自贡市 大安区 杨家冲小区16栋2门13号',NULL),(1409,'陈颖萍',NULL,'13917827838','021-58342878','上海 上海市 浦东新区 浦东东方路1678号儿童医学中心心内科心四病区  ',NULL),(1410,'周玉冰',NULL,'13611825392','021-67667099','上海 上海市 松江区 松江区莘松路1288弄1274号201室  绿洲香岛',NULL),(1411,'梁雪',NULL,'13476122955','027-87321127','湖北省 武汉市 武昌区 中南路80号仪表大楼7楼712室物业部',NULL),(1412,'叶钧',NULL,'13917341662',NULL,'上海 上海市 浦东新区 浦东东三里桥路888号（近东方路）上海人民印刷八厂 五楼计划科 ',NULL),(1413,'谭雅莹',NULL,'13560487490','020-61220909','广东省 广州市 越秀区 环市东水荫路2号华信大厦东座308',NULL),(1414,'赵澜',NULL,'13792050069','0546-7771857','山东省 东营市 东营区 山东省 东营市 东营区 商河路步行街时尚莱迪台北二街一号阿澜服饰 ， ',NULL),(1415,'李宁宁',NULL,'13793929482',NULL,'上海 上海市 闸北区 灵石路963弄301室',NULL),(1416,'刘宁',NULL,'13863503600','0635-6982286','山东省 聊城市 东昌府区 闸北小区（东关小学西）9号楼432',NULL),(1417,'李欣',NULL,'13522595068',NULL,'北京 北京市 朝阳区 朝阳区日坛北街33号朝阳区政府',NULL),(1418,'倪雪唯',NULL,'13601790369',NULL,'上海 上海市 卢湾区 淮海中路283号香港广场3603',NULL),(1419,'刘宁',NULL,'13863503600','0635-6982286','山东省 聊城市 东昌府区 闸北小区（东关小学西）9号楼432',NULL),(1420,'马阅洋',NULL,'13701844801','021-68939753','上海 上海市 浦东新区  上海 上海市 浦东新区 御桥路1978弄38号1401 ，',NULL),(1421,'王琳霞',NULL,'13868991030',NULL,'浙江省 金华市 婺城区 浙江省 金华市 婺城区 浙江省金华市婺城区中村路27号 ， ',NULL),(1422,'汤莉琴',NULL,'13816221944',NULL,'上海 上海市 普陀区 中谭路99弄215号1905室',NULL),(1423,'刘宁',NULL,'13863503600','0635-6982286','山东省 聊城市 东昌府区 闸北小区（东关小学西）9号楼432',NULL),(1424,'张小勇',NULL,'13813952876',NULL,'江苏省 南京市 白下区 御道街32号南京市聋人学校',NULL),(1425,'张品',NULL,'13461599021','0395-3939559','河南省 漯河市 郾城区 漯河双汇国际花园商业街8号邦尼英语',NULL),(1426,'钟莺',NULL,'13728065891',NULL,'广东省 广州市 荔湾区 光复北路758号1411',NULL),(1427,'汤莉琴',NULL,'13816221944',NULL,'上海 上海市 普陀区 中谭路99弄215号1905室',NULL),(1428,'陈方舟',NULL,'13705056034',NULL,'福建省 福州市 台江区 五一南路2号茂泰世纪大厦（厦门国际银行台江支行）',NULL),(1429,'张永娟Lisa',NULL,'15133680131',NULL,'河北省 廊坊市 广阳区 新华路80号交通大厦C座4层瑞思学科英语',NULL),(1430,'任俊萍',NULL,'13914486161',NULL,'江苏省 南京市 雨花台区 阅城大道20-1优先科技',NULL),(1431,'王英瑛',NULL,'13905769003','0576-88552833','浙江省 台州市 椒江区 浙江省台州市椒江东海大道788号 台州市食品药品检验所业务科 ',NULL),(1432,'彭江',NULL,'13540497059',NULL,'四川省 成都市 武侯区 永丰路18号新蓉干休所门诊部',NULL),(1433,'肖凡',NULL,'18986337622','0710-3445787','湖北省 襄阳市 樊城区 湖北省 襄樊市 樊城区 解放路财富中心广场A座5单元602室新概念英语学校 ，',NULL),(1434,'张品',NULL,'13461599021','0395-3939559','河南省 漯河市 郾城区 漯河双汇国际花园商业街8号邦尼英语',NULL),(1435,'韩婷',NULL,'13111081655','0351-7181902','山西省 太原市 小店区 东岗路狄村北街八号院五一机器厂一宿舍一号楼二单元502。',NULL),(1436,'李欣',NULL,'13522595068',NULL,'北京 北京市 朝阳区 朝阳区日坛北街33号朝阳区政府',NULL),(1437,'巫小红',NULL,'13518155958',NULL,'四川省 成都市 成华区 新鸿路南一巷6号梦追湾公馆1-1-1003',NULL),(1438,'孙畅',NULL,'13714510546',NULL,'广东省 深圳市 福田区 南园路向东围28栋107',NULL),(1439,'徐鑫敏',NULL,'13875112379','0736-7176526','湖南省 常德市 武陵区 三岔路沿安西路（九重天花园）5栋16楼C座',NULL),(1440,'刘娟',NULL,'13054206060','0459-4663988','黑龙江省 大庆市 萨尔图区 新村10-32-2-602',NULL),(1441,'林大鹏',NULL,'13396308909',NULL,'山东省 威海市 环翠区 世昌大道19号建设银行信息技术部',NULL),(1442,'刘娟',NULL,'13054206060','0459-4663988','黑龙江省 大庆市 萨尔图区 新村10-32-2-602',NULL),(1443,'刘毅',NULL,'13813866004',NULL,'江苏省 南京市 下关区 江东北路418号清江西苑1栋4单元502',NULL),(1444,'姜健',NULL,'13936667011','0451-86222059','黑龙江省 哈尔滨市 南岗区 隆顺街9号',NULL);
/*!40000 ALTER TABLE `order_contact` ENABLE KEYS */;
UNLOCK TABLES;

--
-- Table structure for table `order_delivery`
--

DROP TABLE IF EXISTS `order_delivery`;
/*!40101 SET @saved_cs_client     = @@character_set_client */;
/*!40101 SET character_set_client = utf8 */;
CREATE TABLE `order_delivery` (
  `oid` int(11) NOT NULL,
  `company` varchar(45) NOT NULL,
  `number` varchar(45) DEFAULT NULL,
  `status` int(1) NOT NULL,
  `create_date` datetime NOT NULL,
  `consignee_name` varchar(45) DEFAULT NULL,
  `email` varchar(45) DEFAULT NULL,
  `address` text,
  `phone` varchar(45) DEFAULT NULL,
  `mobile` varchar(45) DEFAULT NULL,
  `post_code` varchar(10) DEFAULT NULL,
  `valid` int(1) NOT NULL DEFAULT '1',
  `remark` text,
  `send_missed` int(1) DEFAULT '0',
  PRIMARY KEY (`oid`),
  UNIQUE KEY `uk_do_num` (`company`,`number`)
) ENGINE=InnoDB DEFAULT CHARSET=utf8;
/*!40101 SET character_set_client = @saved_cs_client */;

--
-- Dumping data for table `order_delivery`
--

LOCK TABLES `order_delivery` WRITE;
/*!40000 ALTER TABLE `order_delivery` DISABLE KEYS */;
INSERT INTO `order_delivery` VALUES (1,'YTO','W607348786',2,'2011-02-23 00:00:00','江幸芳',NULL,'四川省 成都市 武侯区 新光路1号观南上域6栋16楼3号',NULL,'13980725768',NULL,1,NULL,0),(2,'YTO','W607348822',2,'2011-02-23 00:00:00','鲍乐',NULL,'江苏省 镇江市 京口区 弥陀寺巷36幢302',NULL,'13775355053',NULL,1,NULL,0),(3,'YTO','W607348824',2,'2011-02-23 00:00:00','张贵芳',NULL,'江苏省 南京市 秦淮区 大明西路风光里39懂一单元801室 ，  ','025-52625067','18951678274',NULL,1,NULL,0),(4,'ZJS','6487197684',2,'2011-02-22 00:00:00','袁焱',NULL,'广西壮族自治区 柳州市 城中区 广西柳州市文昌路8号柳州市人民医院住院部15楼呼吸科',NULL,'13768861993',NULL,1,NULL,0),(5,'YTO','5100900477',2,'2011-02-23 00:00:00','杨秋萍',NULL,'上海 上海市 浦东新区 丁香路1399弄25号301室    ',NULL,'13816119236',NULL,1,NULL,0),(6,'YUNDA','1200335406611',2,'2011-02-23 00:00:00','梁勇',NULL,'湖北省 武汉市 汉阳区 湖北武汉市沌口经济开发区珠山湖大道653号   商用车技术中心  ',NULL,'15072430121',NULL,1,NULL,0),(51,'YTO','W607348841',2,'2011-02-21 00:00:00','谭欣欣',NULL,'上海 上海市 浦东新区 浦东新区大同路1010弄26号204室',NULL,'13402041234',NULL,1,NULL,0),(52,'YTO','W607348851',2,'2011-02-20 00:00:00','向京灵',NULL,'湖北省 武汉市 东西湖区 武汉市常青花园18号楼55栋2单元301','027-83931982','13125111870',NULL,1,NULL,0),(53,'YTO','W607348833',2,'2011-02-21 00:00:00','李姜',NULL,'吉林省 延边朝鲜族自治州 延吉市 吉林省 延边朝鲜族自治州 延吉市 建工街道木材小区1号楼1单元301 ，',NULL,'13844787441',NULL,1,NULL,0),(54,'YTO','W607348843',2,'2011-02-21 00:00:00','沈宏伟',NULL,'江苏省 无锡市 滨湖区 万科城市花园一区75幢301室','0510-85070672','18961775026',NULL,1,NULL,0),(55,'YTO','W607348805',2,'2011-02-22 00:00:00','刘加林',NULL,'江苏省 无锡市 惠山区 西漳天一城3-703','0510-83752685','13376211699',NULL,1,NULL,0),(56,'YUNDA',NULL,0,'2011-02-23 01:16:19',NULL,NULL,NULL,NULL,NULL,NULL,0,NULL,0),(57,'YTO','W607348809',2,'2011-02-22 00:00:00','张琳',NULL,'四川省 成都市 青羊区 下同仁路126号院1单元15楼60号',NULL,'15881049288',NULL,1,NULL,0),(58,'YTO','W607348807',2,'2011-02-22 00:00:00','吴晓红',NULL,'江苏省 苏州市 金阊区 干将西路1358号苏州三元中学',NULL,'13771969192',NULL,1,NULL,0),(59,'YTO','W607348811',2,'2011-02-22 00:00:00','杨宝琴',NULL,'浙江省 绍兴市 越城区 投醪河路稽山中学高一理科办公室','0575-88606557','15257500085',NULL,1,NULL,0),(60,'YTO','W607348844',2,'2011-02-21 00:00:00','Chris',NULL,'江苏省 苏州市 昆山市 江蘇省昆山市苇城南路1666号清华科技园科技大厦4楼天可软件 ，',NULL,'13776159906',NULL,1,NULL,0),(61,'YUNDA',NULL,0,'2011-02-23 01:16:20',NULL,NULL,NULL,NULL,NULL,NULL,0,NULL,0),(62,'YUNDA',NULL,0,'2011-02-23 01:16:19',NULL,NULL,NULL,NULL,NULL,NULL,0,NULL,0),(63,'YUNDA',NULL,0,'2011-02-23 01:16:20',NULL,NULL,NULL,NULL,NULL,NULL,0,NULL,0),(64,'YUNDA',NULL,0,'2011-02-23 01:16:18',NULL,NULL,NULL,NULL,NULL,NULL,0,NULL,0),(65,'YUNDA',NULL,0,'2011-02-23 01:16:17',NULL,NULL,NULL,NULL,NULL,NULL,0,NULL,0),(66,'YTO','W607348806',2,'2011-02-22 00:00:00','朱庭凯',NULL,'湖北省 武汉市 江夏区 纸坊古驿道172号国税局','027-81813313','13037114701',NULL,1,NULL,0),(67,'YTO','W607348839',2,'2011-02-21 00:00:00','范阳',NULL,'浙江省 宁波市 江东区 兴宁路400号二幢406室','0574-87553260','13362486442',NULL,1,NULL,0),(68,'YUNDA',NULL,0,'2011-02-23 01:16:17',NULL,NULL,NULL,NULL,NULL,NULL,0,NULL,0),(69,'YUNDA',NULL,0,'2011-02-23 01:16:16',NULL,NULL,NULL,NULL,NULL,NULL,0,NULL,0),(70,'YUNDA',NULL,0,'2011-02-23 01:16:19',NULL,NULL,NULL,NULL,NULL,NULL,0,NULL,0),(71,'YTO','W607348853',2,'2011-02-20 00:00:00','王晓艳',NULL,'浙江省 绍兴市 绍兴县 省:浙江省 市:绍兴市 区:越城区  水木清华12幢103室',NULL,'13065779393',NULL,1,NULL,0),(72,'YUNDA',NULL,0,'2011-02-23 01:16:18',NULL,NULL,NULL,NULL,NULL,NULL,0,NULL,0),(73,'YTO','W607348859',2,'2011-02-20 00:00:00','蒋洪蓉',NULL,'上海 上海市 闵行区 上海市兴梅路1199弄春申景城二期29号1103室',NULL,'13916216728',NULL,1,NULL,0),(74,'YUNDA',NULL,0,'2011-02-23 01:16:20',NULL,NULL,NULL,NULL,NULL,NULL,0,NULL,0),(75,'YTO','W607348808',2,'2011-02-22 00:00:00','刘宗华',NULL,'江西省 赣州市 安远县 江西安远一中',NULL,'13097169696',NULL,1,NULL,0),(101,'YUNDA',NULL,0,'2011-02-24 00:54:16',NULL,NULL,NULL,NULL,NULL,NULL,0,NULL,0),(102,'YUNDA',NULL,0,'2011-02-24 00:54:11',NULL,NULL,NULL,NULL,NULL,NULL,0,NULL,0),(103,'YUNDA',NULL,0,'2011-02-24 00:53:49',NULL,NULL,NULL,NULL,NULL,NULL,0,NULL,0),(104,'YTO','W607348857',2,'2011-02-24 00:00:00','Jeff Obadal',NULL,'云南省 昆明市 盘龙区 罗丈村金色西路317号云南韩国国际学校','0871-4316005','15334394707',NULL,1,NULL,0),(105,'YTO','W607348819',2,'2011-02-23 00:00:00','张京芃',NULL,'湖北省 武汉市 硚口区 古田三路东方花城45-1-601',NULL,'15207143010',NULL,1,NULL,0),(151,'YTO','W607348816',2,'2011-02-23 00:00:00','高楠',NULL,'北京 北京市 海淀区 彰化南路18号　玉北商务楼　7号楼310室 ， ',NULL,'13661113393',NULL,1,NULL,0),(152,'YTO','W607348818',2,'2011-02-23 00:00:00','倪小姐收',NULL,'广东省 汕头市 龙湖区 长平东路阳光海岸协和水岸4栋梁1304房','0754-88899260','13502994899',NULL,1,NULL,0),(153,'YTO','W607348814',2,'2011-02-23 00:00:00','杨慧颖',NULL,'上海 上海市 浦东新区 上海市 上海浦东桃林路815弄9号302',NULL,'13061626898',NULL,1,NULL,0),(154,'YTO','W07348813',2,'2011-02-23 00:00:00','李虹 ',NULL,'浙江省 杭州市 上城区 始版桥花园6幢4单元 ','0571-86511565','13958155892',NULL,1,NULL,0),(155,'YTO','W607348815',2,'2011-02-23 00:00:00','张鸣',NULL,'上海 上海市 静安区 上海 上海市 静安区 武宁南路442号517室 ',NULL,'13564990422',NULL,1,NULL,0),(156,'YTO','W607348820',2,'2011-02-23 00:00:00',' 甘慧',NULL,'广东省 肇庆市 高要市 金渡镇金渡工业园D1区 阿莱斯（高要）化工有限公司 ','0758-8513256','13922632660',NULL,1,NULL,0),(201,'YTO','W607828920',2,'2011-02-24 00:00:00','黄国华',NULL,'山东省 聊城市 东昌府区 闸口北步行街D1-24聊城电脑虎有限公司',NULL,'13606358568',NULL,1,NULL,0),(202,'YTO','W607348856',2,'2011-02-24 00:00:00','苏珊',NULL,'江苏省 镇江市 丹徒区 辛丰工业园（江苏富林医疗设备有限公司） ，','0511-85891001','13861355192',NULL,1,NULL,0),(203,'YTO','W607348830',2,'2011-02-24 00:00:00','李虹',NULL,'浙江省 杭州市 上城区 始版桥花园6幢4单元','0571-86511565','13958155892',NULL,1,NULL,0),(204,'YTO','W607828922',2,'2011-02-24 00:00:00','叶立前',NULL,'江苏省 泰州市 兴化市 兴化市安丰镇新世纪花园南侧5米，英语培训中心','0523-83553765','15295258949',NULL,1,NULL,0),(205,'YTO','W607828921',2,'2011-02-24 00:00:00','叶嘉静',NULL,'广东省 惠州市 惠阳区 淡水南门大街68号天安商业大厦六楼（麦当劳楼上）','0752-3361192','13824238558',NULL,1,NULL,0),(206,'YUNDA',NULL,0,'2011-02-24 22:09:17',NULL,NULL,NULL,NULL,NULL,NULL,0,NULL,0),(207,'YUNDA',NULL,0,'2011-02-24 22:09:19',NULL,NULL,NULL,NULL,NULL,NULL,0,NULL,0),(208,'YTO','W607828853',2,'2011-02-25 00:00:00','王英瑛',NULL,'浙江省 台州市 椒江区 浙江省台州市椒江东海大道788号 台州市食品药品检验所业务科 ， ','0576-88552833','13905769003',NULL,1,NULL,0),(209,'YTO','W607828844',2,'2011-02-25 00:00:00','蔡雨浩',NULL,'江苏省 苏州市 张家港市 玉兰路11号东方明珠艺术培训中心',NULL,'15029198884',NULL,1,NULL,0),(210,'NIL','810902374',2,'2011-02-26 03:15:31','吴永珍',NULL,'贵州省 遵义市 汇川区 贵州省遵义市汇川区上海路830号 遵义师范学院','0852-8950595','13765202209',NULL,1,NULL,0),(251,'YTO','W607828854',2,'2011-02-25 00:00:00','谢丽',NULL,'广东省 广州市 海珠区 江燕路111号南珠北街13号907房','020-31360698','13662544195',NULL,1,NULL,0),(252,'NIL',NULL,2,'2011-02-27 22:40:14','任丽萍',NULL,'上海 上海市 浦东新区 上海龙阳路1880弄40号301',NULL,'13818621076',NULL,1,NULL,0),(253,'NIL',NULL,0,'2011-02-25 02:29:25',NULL,NULL,NULL,NULL,NULL,NULL,0,NULL,0),(254,'YTO','W607828850',2,'2011-02-25 00:00:00','余小华',NULL,'广东省 江门市 蓬江区 江会路71号绿源大厦','0750-3508808','13542162960',NULL,1,NULL,0),(255,'YTO','W607828849',2,'2011-02-25 00:00:00','许林珏',NULL,'浙江省 绍兴市 新昌县 人民中路187-189号2楼（县府对面）环球英语培训中心',NULL,'15968529905',NULL,1,NULL,0),(301,'YTO','W607828848',2,'2011-02-25 00:00:00','曾敏虹',NULL,'浙江省 杭州市 建德市 新世纪实验学校','0571-64750638','13968128315',NULL,1,NULL,0),(302,'NIL',NULL,0,'2011-02-26 00:47:48',NULL,NULL,NULL,NULL,NULL,NULL,0,NULL,0),(303,'NIL',NULL,0,'2011-02-26 00:47:49',NULL,NULL,NULL,NULL,NULL,NULL,0,NULL,0),(304,'NIL',NULL,0,'2011-02-26 00:47:49',NULL,NULL,NULL,NULL,NULL,NULL,0,NULL,0),(305,'YTO','W607828846',2,'2011-02-25 00:00:00','张永娟Lisa',NULL,'河北省 廊坊市 广阳区 新华路80号交通大厦C座4层瑞思学科英语',NULL,'15133680131',NULL,1,NULL,0),(306,'NIL',NULL,0,'2011-02-26 00:47:47',NULL,NULL,NULL,NULL,NULL,NULL,0,NULL,0),(307,'NIL',NULL,0,'2011-02-26 00:47:46',NULL,NULL,NULL,NULL,NULL,NULL,0,NULL,0),(308,'NIL',NULL,0,'2011-02-26 00:47:58',NULL,NULL,NULL,NULL,NULL,NULL,0,NULL,0),(309,'NIL',NULL,0,'2011-02-26 00:47:58',NULL,NULL,NULL,NULL,NULL,NULL,0,NULL,0),(310,'NIL',NULL,0,'2011-02-26 00:47:57',NULL,NULL,NULL,NULL,NULL,NULL,0,NULL,0),(311,'YTO','W607828864',2,'2011-02-26 00:00:00','汤蔚',NULL,'上海 上海市 浦东新区 汤蔚 ，13661714258 ， ，上海 上海市 浦东新区 上海浦东张江碧波路889号A405室 ，201203 ',NULL,'13661714258 ',NULL,1,NULL,0),(312,'NIL',NULL,0,'2011-02-26 00:47:59',NULL,NULL,NULL,NULL,NULL,NULL,0,NULL,0),(313,'NIL',NULL,0,'2011-02-26 00:47:58',NULL,NULL,NULL,NULL,NULL,NULL,0,NULL,0),(314,'NIL',NULL,0,'2011-02-26 00:47:58',NULL,NULL,NULL,NULL,NULL,NULL,0,NULL,0),(351,'YTO','W607828865',2,'2011-02-26 00:00:00','潘妹',NULL,'上海 上海市 闵行区 梅富路628弄18号',NULL,'13818130423',NULL,1,NULL,0),(352,'YTO','W607828871',2,'2011-02-27 00:00:00','顾洪明',NULL,'上海 上海市 闵行区 青杉路388号110室',NULL,'13585811226',NULL,1,NULL,0),(353,'NIL',NULL,0,'2011-02-27 16:12:40',NULL,NULL,NULL,NULL,NULL,NULL,0,NULL,0),(354,'YTO','W607828881',2,'2011-02-28 00:00:00','胡楠',NULL,'湖南省 长沙市 雨花区 长沙市雨花区香樟路圭塘雅礼寄宿制中学初一年级组',NULL,'13873194597',NULL,1,NULL,0),(355,'NIL',NULL,0,'2011-02-27 16:12:40',NULL,NULL,NULL,NULL,NULL,NULL,0,NULL,0),(401,'YTO','W607828870',2,'2011-02-27 00:00:00','郭艳琴',NULL,'辽宁省 鞍山市 铁东区 万科写字楼2012室','0412-5522310','13941256341',NULL,1,NULL,0),(402,'YTO','W607828879',2,'2011-02-28 00:00:00','王婧平',NULL,'安徽省 滁州市 天长市 铜城镇车站北路104号 天正超市镇鸿店',NULL,'15155058279',NULL,1,NULL,0),(403,'YTO','W607828877',2,'2011-02-28 00:00:00','常润',NULL,'北京 北京市 朝阳区 东苇路万象新天家园135号楼3-101',NULL,'13426152652',NULL,1,NULL,0),(404,'YTO','W607828878',2,'2011-02-28 00:00:00','王坤雅',NULL,'上海 上海市 浦东新区 碧波路889号','021-68896322','15921846438',NULL,1,NULL,0),(451,'NIL',NULL,0,'2011-02-27 22:28:01',NULL,NULL,NULL,NULL,NULL,NULL,0,NULL,0),(452,'NIL',NULL,0,'2011-02-27 22:27:57',NULL,NULL,NULL,NULL,NULL,NULL,0,NULL,0),(453,'NIL',NULL,0,'2011-02-27 22:27:59',NULL,NULL,NULL,NULL,NULL,NULL,0,NULL,0),(454,'YTO','W607828880',2,'2011-02-28 00:00:00','夏伟林',NULL,'上海 上海市 金山区 上海市金山区石化街道卫零路345号101室（金山区食品药品监督所）','021-56809016','13371922253',NULL,1,NULL,0),(501,'NIL',NULL,0,'2011-02-28 16:33:21',NULL,NULL,NULL,NULL,NULL,NULL,0,NULL,0),(502,'NIL',NULL,0,'2011-02-28 16:33:19',NULL,NULL,NULL,NULL,NULL,NULL,0,NULL,0),(503,'NIL',NULL,0,'2011-02-28 16:33:18',NULL,NULL,NULL,NULL,NULL,NULL,0,NULL,0),(504,'YTO','W607828873',2,'2011-02-28 00:00:00','陈旭东',NULL,'江苏省 南京市 鼓楼区 龙江花园腾飞园13栋401室',NULL,'13913395602',NULL,1,NULL,0),(551,'NIL',NULL,0,'2011-02-28 18:44:26',NULL,NULL,NULL,NULL,NULL,NULL,0,NULL,0),(552,'NIL',NULL,0,'2011-02-28 18:44:26',NULL,NULL,NULL,NULL,NULL,NULL,0,NULL,0),(553,'NIL',NULL,0,'2011-02-28 18:44:24',NULL,NULL,NULL,NULL,NULL,NULL,0,NULL,0),(554,'YTO','W607828876',2,'2011-02-28 00:00:00','叶立前',NULL,'江苏省 泰州市 兴化市 兴化市安丰镇新世纪花园南侧5米，英语培训中心','0523-83553765','15295258949',NULL,1,NULL,0),(555,'YTO','W607828874',2,'2011-02-28 00:00:00','牛红霞',NULL,'云南省 昆明市 盘龙区 北京路延长线颐高数码B座4楼，苏斯婴童生活中心',NULL,'13888793302',NULL,1,NULL,0),(556,'SF','200465241748',2,'2011-02-28 00:00:00','张晶',NULL,'北京 北京市 昌平区 昌平区天通西苑西一区2号楼3门',NULL,'13910559762',NULL,1,NULL,0),(557,'YTO','W607828886',2,'2011-02-28 00:00:00','朱小姐',NULL,'广东省 广州市 越秀区 广州市流花路109号之九达宝广场五楼',NULL,'13660012632',NULL,1,NULL,0),(601,'YTO','W607828909',2,'2011-03-01 00:00:00','刘宇',NULL,'北京 北京市 宣武区 广安门外大街305号广源小区西区1号楼3门2302','010-59511009','13522445629',NULL,1,NULL,0),(651,'YTO','W607828872',2,'2011-02-24 00:00:00','聂铭汉',NULL,'浙江省 嘉兴市 南湖区 城南骏力路320号康乔太阳城幼儿园','0573-82693636','13736434012',NULL,1,NULL,0),(652,'YTO','W607828883',2,'2011-02-24 00:00:00','俞丹',NULL,'江苏省 南京市 溧水县 经济开发区团山东路11号南京欧瑞机械锻造有限公司','025-57422716','15952078288',NULL,1,NULL,0),(701,'YTO','W607348846',2,'2011-02-24 00:00:00','黄娟娟',NULL,'广东省 佛山市 禅城区 魁奇一路丽日玫瑰商业街PB17号',NULL,'13435411107',NULL,1,NULL,0),(751,'YTO','W607348812',2,'2011-03-01 01:38:18','易老师',NULL,'湖南省 长沙市 岳麓区 荣湾镇新民路，久和物业大厦401',NULL,'13549662451',NULL,1,NULL,0),(801,'YTO','W607828915',2,'2011-03-01 00:00:00','张萍',NULL,'北京 北京市 大兴区 北京经济技术开发区天华北街7号院11栋1-302室','010-87610470','13811946898',NULL,1,NULL,0),(802,'YTO','W607828913',2,'2011-03-01 00:00:00','卢琼',NULL,'浙江省 温州市 鹿城区 金桥路2号1709室 ， ','0577-89980269','13858850202',NULL,1,NULL,0),(803,'YTO','W607828911',2,'2011-03-01 00:00:00','刘燕',NULL,'上海 上海市 浦东新区 浦东新区瑞庆路526号3号楼3楼',NULL,'13916062989',NULL,1,NULL,0),(804,'YUNDA',NULL,0,'2011-03-01 21:55:08',NULL,NULL,NULL,NULL,NULL,NULL,0,NULL,0),(805,'YUNDA',NULL,0,'2011-03-01 21:55:08',NULL,NULL,NULL,NULL,NULL,NULL,0,NULL,0),(806,'YTO','W607828912',2,'2011-03-01 00:00:00','王晓萍',NULL,'上海 上海市 闵行区 平南四村4号601室','021-64808930','13386205235',NULL,1,NULL,0),(807,'YTO','W607828910',2,'2011-03-01 00:00:00','李佳佳',NULL,'河南省 驻马店市 驿城区 驻马店市正阳路光明小区6号楼','0396-2893539','13783361768',NULL,1,NULL,0),(808,'YTO','W607828914',2,'2011-03-01 00:00:00','曾慧芬',NULL,'福建省 福州市 鼓楼区 鼓东路44号8楼福建省民政厅监察室',NULL,'13338257768',NULL,1,NULL,0),(809,'SF','200573695617',2,'2011-03-07 00:00:00','黄河',NULL,'广西壮族自治区 南宁市 西乡塘区 大学东路98号5栋3单元102号',NULL,'13978819001',NULL,1,NULL,0),(810,'SF','200573695583',2,'2011-03-04 00:00:00','姜华',NULL,'江苏省 南京市 建邺区 江东中路222号南京奥体中心主体育场5108工程部','025-86690989','15051844612',NULL,1,NULL,0),(811,'YTO','W609515336',2,'2011-03-02 00:00:00','陈粟',NULL,'北京 北京市 朝阳区 北四环中路6号深蓝华亭E-25E',NULL,'13601272200',NULL,1,NULL,0),(812,'YTO','W609515335',2,'2011-03-02 00:00:00','蔡小姐',NULL,'上海 上海市 闵行区 都市路4580弄14号401室',NULL,'13701821772',NULL,1,NULL,0),(813,'YUNDA',NULL,0,'2011-03-01 21:55:27',NULL,NULL,NULL,NULL,NULL,NULL,0,NULL,0),(851,'YTO','W607828908',2,'2011-03-01 23:47:04','朱丽娜',NULL,'江苏省 南京市 下关区 黄家圩路41-1号红山创意园B4-2幢','025-85080909','13805151262',NULL,1,NULL,0),(852,'YTO','W607348840',2,'2011-03-01 23:55:39','谢红雁',NULL,'广东省 惠州市 惠阳区 淡水镇下土湖棕榈岛学校',NULL,'13316352280',NULL,1,NULL,0),(901,'YTO','W607828859',2,'2011-03-02 00:46:27','张馨',NULL,'辽宁省 辽阳市 太子河区 泰丰开发区繁荣路中段辽阳川佳制浆造纸机械有限公司',NULL,'13841995066',NULL,1,NULL,0),(902,'YTO','W607828847',2,'2011-03-02 00:48:22','戴妍',NULL,'浙江省 宁波市 镇海区 张和祥小学茗园路48号','0574-82691285','13957449881',NULL,1,NULL,0),(951,'YTO','W607828863',2,'2011-03-02 00:56:33','成韵',NULL,'黑龙江省 哈尔滨市 南岗区 下夹树街59号1单元302','0451-86433487','18945664321',NULL,1,NULL,0),(1001,'YTO','W609515342',2,'2011-03-02 00:00:00','ken',NULL,'广东省 深圳市 福田区 深圳市福田区新洲二街南溪新苑A1113',NULL,'13724340549',NULL,1,NULL,0),(1002,'YTO','W609515344',2,'2011-03-02 00:00:00','何莉',NULL,'广东省 深圳市 罗湖区 广东省 深圳市 罗湖区 华丽环岛环岛丽园丽好阁17H ， ','0755-25656227','13612982171',NULL,1,NULL,0),(1003,'YTO','W609515339',2,'2011-03-02 00:00:00','周婷婷',NULL,'上海 上海市 黄浦区 上海市汉口路151号7F，结构一所','021-63217420-8747','13817791279',NULL,1,NULL,0),(1004,'YTO','W609515346',2,'2011-03-02 00:00:00','DOUGLAS KIM',NULL,'上海 上海市 普陀区 大渡河路158号 新发展亚太万豪酒DIRECTOR OF RESTAURANTS','021-22156666','18918257014',NULL,1,NULL,0),(1005,'YTO','W609515340',2,'2011-03-02 00:00:00','章洁',NULL,'浙江省 杭州市 下城区 建国北路736号浙商银行市场拓展一部',NULL,'13906529837',NULL,1,NULL,0),(1006,'YTO','W609515343',2,'2011-03-02 00:00:00','潘小玲',NULL,'广东省 佛山市 顺德区 容桂江南路10号','0757-22222234-1234','13923256162',NULL,1,NULL,0),(1007,'YUNDA',NULL,0,'2011-03-02 20:58:09',NULL,NULL,NULL,NULL,NULL,NULL,0,NULL,0),(1008,'YUNDA',NULL,0,'2011-03-02 20:58:09',NULL,NULL,NULL,NULL,NULL,NULL,0,NULL,0),(1009,'SF','200465241739',2,'2011-03-02 00:00:00','梁家瑞老师',NULL,'湖南省 长沙市 岳麓区 雷锋大道 九公里处 长沙医学院 ， ',NULL,'13874932233',NULL,1,NULL,0),(1010,'YTO','W609515310',2,'2011-03-03 00:00:00','劉文娟',NULL,'江苏省 南京市 秦淮区 南京市秦淮區三條營8號后门','025-81654759','15050546795',NULL,1,NULL,0),(1011,'YUNDA',NULL,0,'2011-03-02 20:58:11',NULL,NULL,NULL,NULL,NULL,NULL,0,NULL,0),(1012,'YUNDA',NULL,0,'2011-03-02 20:58:10',NULL,NULL,NULL,NULL,NULL,NULL,0,NULL,0),(1051,'YTO','W609515313',2,'2011-03-03 00:00:00','周莺',NULL,'湖北省 武汉市 青山区 建设三路江南春城1栋2单元1802 室',NULL,'13476174600',NULL,1,NULL,0),(1052,'YTO','W609515306',2,'2011-03-03 00:00:00','胡萍',NULL,'湖北省 武汉市 硚口区 汉口建设大道384号湖北省公路局办公大楼409室 ， ','027-83461673','15071137775',NULL,1,NULL,0),(1053,'YUNDA',NULL,0,'2011-03-03 22:53:55',NULL,NULL,NULL,NULL,NULL,NULL,0,NULL,0),(1054,'YUNDA',NULL,0,'2011-03-03 22:54:01',NULL,NULL,NULL,NULL,NULL,NULL,0,NULL,0),(1055,'YTO','W609515307',2,'2011-03-03 00:00:00','程刚',NULL,'上海 上海市 闵行区 都市路2088弄天籁园21号',NULL,'13901910988',NULL,1,NULL,0),(1056,'YTO','W609515304',2,'2011-03-03 00:00:00','杨磊',NULL,'河南省 新乡市 牧野区 河南新乡 建设东路46号 河南师范大学',NULL,'15037306144',NULL,1,NULL,0),(1057,'YUNDA',NULL,0,'2011-03-03 22:54:07',NULL,NULL,NULL,NULL,NULL,NULL,0,NULL,0),(1058,'YTO','W609515303',2,'2011-03-03 00:00:00','罗雪辉 ',NULL,'上海 上海市 松江区 涞坊路1188弄（靠近九杜路）颐亭花园130号',NULL,'13651931425',NULL,1,NULL,0),(1059,'YTO','W609515305',2,'2011-03-03 00:00:00','徐鑫敏',NULL,'湖南省 常德市 武陵区 市政务中心对面东升大厦四楼派乐多快乐英语','0736-7177505','13875112379',NULL,1,NULL,0),(1060,'YTO','W609515308',2,'2011-03-03 00:00:00','朱钰',NULL,'重庆 重庆市 南岸区 融侨半岛风临洲B3区1-16-4 ，',NULL,'15902332023',NULL,1,NULL,0),(1061,'YTO','W607828860',2,'2011-03-04 00:00:00','Ron Cune ',NULL,'北京 北京市 朝阳区 双井,朝阳区广渠门外大街,富力成D区27号楼901室 ， ','0086-1065102010','13910210872',NULL,1,NULL,0),(1062,'YUNDA',NULL,0,'2011-03-03 22:54:22',NULL,NULL,NULL,NULL,NULL,NULL,0,NULL,0),(1063,'YUNDA',NULL,0,'2011-03-03 22:54:22',NULL,NULL,NULL,NULL,NULL,NULL,0,NULL,0),(1064,'YUNDA',NULL,0,'2011-03-03 22:54:23',NULL,NULL,NULL,NULL,NULL,NULL,0,NULL,0),(1065,'YUNDA',NULL,0,'2011-03-03 22:54:24',NULL,NULL,NULL,NULL,NULL,NULL,0,NULL,0),(1066,'YUNDA',NULL,0,'2011-03-03 22:54:25',NULL,NULL,NULL,NULL,NULL,NULL,0,NULL,0),(1067,'YUNDA',NULL,0,'2011-03-03 22:54:25',NULL,NULL,NULL,NULL,NULL,NULL,0,NULL,0),(1068,'YUNDA',NULL,0,'2011-03-03 22:54:26',NULL,NULL,NULL,NULL,NULL,NULL,0,NULL,0),(1069,'YUNDA',NULL,0,'2011-03-03 22:54:28',NULL,NULL,NULL,NULL,NULL,NULL,0,NULL,0),(1070,'YUNDA',NULL,0,'2011-03-03 22:54:29',NULL,NULL,NULL,NULL,NULL,NULL,0,NULL,0),(1071,'YUNDA',NULL,0,'2011-03-03 22:54:30',NULL,NULL,NULL,NULL,NULL,NULL,0,NULL,0),(1072,'YUNDA',NULL,0,'2011-03-03 22:54:30',NULL,NULL,NULL,NULL,NULL,NULL,0,NULL,0),(1073,'SF','200573695574',2,'2011-03-04 00:00:00','周玮',NULL,'北京 北京市 西城区 北京市西城区太平桥大街8号西城晶华9#-1-401室','010-59352080','13910564963',NULL,1,NULL,0),(1074,'YUNDA',NULL,0,'2011-03-03 22:54:32',NULL,NULL,NULL,NULL,NULL,NULL,0,NULL,0),(1075,'YUNDA',NULL,0,'2011-03-03 22:54:32',NULL,NULL,NULL,NULL,NULL,NULL,0,NULL,0),(1076,'YUNDA',NULL,0,'2011-03-03 22:54:33',NULL,NULL,NULL,NULL,NULL,NULL,0,NULL,0),(1077,'YUNDA',NULL,0,'2011-03-03 22:54:35',NULL,NULL,NULL,NULL,NULL,NULL,0,NULL,0),(1078,'SF','200573694621',2,'2011-03-07 00:00:00','倪波',NULL,'上海 上海市 普陀区 桐柏路30弄9号102室','021-62858436','13801861773',NULL,1,NULL,0),(1079,'YUNDA',NULL,0,'2011-03-03 22:54:37',NULL,NULL,NULL,NULL,NULL,NULL,0,NULL,0),(1080,'YUNDA',NULL,0,'2011-03-03 22:54:37',NULL,NULL,NULL,NULL,NULL,NULL,0,NULL,0),(1101,'YTO','W609515309',2,'2011-03-04 00:32:16','汤长泉',NULL,'浙江省 温州市 乐清市 浙江省乐清市柳市镇新市中街132号（柳市镇卫生院外科）',NULL,'13968770868',NULL,1,NULL,0),(1151,'YTO','W609515337',2,'2011-03-04 00:00:00',NULL,NULL,NULL,NULL,NULL,NULL,1,NULL,0),(1201,'YTO','W607828885',2,'2011-03-04 01:28:20','叶立前',NULL,'江苏省 泰州市 兴化市 兴化市安丰镇新世纪花园南侧5米，英语培训中心','0523-83553765','15295258949',NULL,1,NULL,0),(1251,'SF','200573695565',2,'2011-03-04 00:00:00','邹艳',NULL,'湖北省 武汉市 汉阳区 湖北省武汉市经济技术开发区沌口街武汉晨鸣汉阳纸业股份有限公司',NULL,'13554685010',NULL,1,NULL,0),(1252,'YTO','W609502001',2,'2011-03-04 00:00:00','陈小姐',NULL,'北京 北京市 朝阳区 北京朝阳区北四环东路望京桥北口鹿港嘉苑4-2-2102',NULL,'13683095559',NULL,1,NULL,0),(1253,'YTO','W609502002',2,'2011-03-04 00:00:00','易勤',NULL,'广东省 佛山市 顺德区 大良镇南国东路2号','0757-22336183','13392298989',NULL,1,NULL,0),(1254,'YUNDA',NULL,0,'2011-03-05 12:39:37',NULL,NULL,NULL,NULL,NULL,NULL,0,NULL,0),(1255,'YTO','W609515322',2,'2011-03-06 00:00:00','王锦玲',NULL,'浙江省 金华市 浦江县 大许中心小学',NULL,'13758918995',NULL,1,NULL,0),(1256,'YTO','W609515312',2,'2011-03-05 12:45:16','高云霞',NULL,'北京 北京市 石景山区 北京市石景山区古城西路8号南院合康科技发展有限责任公司研发中心',NULL,'13910730023',NULL,1,NULL,0),(1301,'YTO','W609515321',2,'2011-03-06 00:00:00','潘洁',NULL,'上海 上海市 宝山区 华灵路1895弄105号401',NULL,'13601959094',NULL,1,NULL,0),(1302,'YTO','W609515329',2,'2011-03-07 00:00:00','柯勤',NULL,'湖北省 黄石市 黄石港区 花湖大道66号地税局',NULL,'13872060923',NULL,1,NULL,0),(1303,'YTO','W609515320',2,'2011-03-06 00:00:00','严炜炯',NULL,'上海 上海市 闵行区 闵行区珠城路99弄12号201室',NULL,'13816326067',NULL,1,NULL,0),(1304,'YTO','W609502005',2,'2011-03-05 00:00:00','阮鹏程转YURYU',NULL,'上海 上海市 闵行区 沪青平公路180弄21号101室','021-64212862','15902154165',NULL,1,NULL,0),(1305,'YTO','W609515301',2,'2011-03-04 00:00:00',NULL,NULL,NULL,NULL,NULL,NULL,1,NULL,0),(1306,'YTO','W607828918',2,'2011-03-06 00:02:39','卢鹏飞',NULL,'广东省 深圳市 南山区 中山园路中山怡景花园1E801',NULL,'13802553995',NULL,1,NULL,0),(1351,'YTO','W609502003',2,'2011-03-06 00:06:43','钟佳佳',NULL,'浙江省 温州市 苍南县 龙港镇龙港高级中学高二（1）班',NULL,'15058796399',NULL,1,NULL,0),(1401,'YTO','W609515319',2,'2011-03-06 00:00:00','金莉',NULL,'浙江省 杭州市 下城区 中河北路１０８号港航大厦西１０９',NULL,'13588190534',NULL,1,NULL,0),(1402,'YTO','W609515318',2,'2011-03-06 00:00:00','丛帅',NULL,'辽宁省 沈阳市 和平区 文安路10-2，3-2-1 ','024-23921974','13998313090',NULL,1,NULL,0),(1403,'YTO','W609515317',2,'2011-03-06 00:00:00','陈威',NULL,'湖北省 武汉市 武昌区 武汉庙山经济开发区华中科技园武汉华中数控股份有限公司质量部 ，318050 ',NULL,'15071336554',NULL,1,NULL,0),(1404,'YTO','W609515328',2,'2011-03-07 00:00:00','沈潞潞',NULL,'江苏省 南京市 鼓楼区 北京西路69-1号华瑰园9-703室',NULL,'13601465945',NULL,1,NULL,0),(1451,'YTO','W609515330',2,'2011-03-07 00:00:00','刘晓静',NULL,'浙江省 杭州市 余杭区 浙江省杭州市余杭区闲林镇闲林山水海棠苑9幢2单元101室 ， ',NULL,'13958029451',NULL,1,NULL,0),(1452,'YTO','W609515326',2,'2011-03-07 00:00:00','俞蕾',NULL,'浙江省 嘉兴市 南湖区 南湖区 农翔路 嘉兴市实验小学东区','0573-82838861','13738299708',NULL,1,NULL,0),(1453,'YTO','W609515324',2,'2011-03-07 00:00:00','罗朋',NULL,'江苏省 苏州市 昆山市 雍景湾东苑11幢105',NULL,'13805336670',NULL,1,NULL,0),(1454,'YTO','W609515325',2,'2011-03-07 00:00:00',' 于雯',NULL,'浙江省 杭州市 西湖区 嘉绿苑南6-2-101 ',NULL,'13588111107',NULL,1,NULL,0),(1455,'YTO','W609515334',2,'2011-03-07 00:00:00','赵澜',NULL,'山东省 东营市 东营区 商河路步行街时尚莱迪台北二街一号阿澜服饰 ， ','0546-7771857','13792050069',NULL,1,NULL,0),(1456,'YUNDA',NULL,0,'2011-03-08 00:15:21',NULL,NULL,NULL,NULL,NULL,NULL,0,NULL,0),(1457,'SF','200573693178',2,'2011-03-07 00:00:00','甘文',NULL,'北京 北京市 西城区 地安门内大街 40号院5门3层69号','010-84012445','13436674388',NULL,1,NULL,0),(1458,'YUNDA',NULL,0,'2011-03-08 00:15:25',NULL,NULL,NULL,NULL,NULL,NULL,0,NULL,0),(1459,'YUNDA',NULL,0,'2011-03-08 00:15:26',NULL,NULL,NULL,NULL,NULL,NULL,0,NULL,0),(1501,'YTO','W609515331',2,'2011-03-07 00:00:00','叶嘉静',NULL,'广东省 惠州市 惠阳区 淡水南门大街68号天安商业大厦六楼（麦当劳楼上）','0752-3361192','13824238558',NULL,1,'补发收据',1),(1502,'YTO','W220948004',2,'2011-03-07 00:00:00','曾敏虹',NULL,'浙江省 杭州市 建德市 新世纪实验学校','0571-64750638','13968128315',NULL,1,'补发WTE 1A 1B Ebook 光盘',1),(1503,'YTO','W22098003',2,'2011-03-07 00:00:00','汤蔚',NULL,'上海 上海市 浦东新区 汤蔚 ，13661714258 ， ，上海 上海市 浦东新区 上海浦东张江碧波路889号A405室 ，201203 ',NULL,'13661714258 ',NULL,1,'补发3H旧版第三册光盘',1),(1504,'YTO','W607828888',2,'2011-03-07 00:00:00','罗雪辉 ',NULL,'上海 上海市 松江区 涞坊路1188弄（靠近九杜路）颐亭花园130号',NULL,'13651931425',NULL,1,'补发Phonics Kids 3B',1),(1505,'YTO','W607828887',2,'2011-03-07 00:00:00','贾利海',NULL,'山西省大同市城区拥军南路紫星丽园3号楼1单元202','0352-2895041','13593045441',NULL,1,'补发Phonics Kids 两套大礼包',1),(1551,'YUNDA',NULL,0,'2011-03-10 01:27:03',NULL,NULL,NULL,NULL,NULL,NULL,0,NULL,0),(1552,'YUNDA',NULL,0,'2011-03-10 01:27:05',NULL,NULL,NULL,NULL,NULL,NULL,0,NULL,0),(1553,'YUNDA',NULL,0,'2011-03-10 01:27:06',NULL,NULL,NULL,NULL,NULL,NULL,0,NULL,0),(1554,'YUNDA',NULL,0,'2011-03-10 01:27:08',NULL,NULL,NULL,NULL,NULL,NULL,0,NULL,0),(1555,'YUNDA',NULL,0,'2011-03-10 01:27:09',NULL,NULL,NULL,NULL,NULL,NULL,0,NULL,0),(1556,'YUNDA',NULL,0,'2011-03-10 01:27:09',NULL,NULL,NULL,NULL,NULL,NULL,0,NULL,0),(1557,'YUNDA',NULL,0,'2011-03-10 01:27:11',NULL,NULL,NULL,NULL,NULL,NULL,0,NULL,0),(1558,'YUNDA',NULL,0,'2011-03-10 01:27:12',NULL,NULL,NULL,NULL,NULL,NULL,0,NULL,0),(1559,'YUNDA',NULL,0,'2011-03-10 01:27:13',NULL,NULL,NULL,NULL,NULL,NULL,0,NULL,0),(1560,'YUNDA',NULL,0,'2011-03-10 01:27:15',NULL,NULL,NULL,NULL,NULL,NULL,0,NULL,0),(1561,'YUNDA',NULL,0,'2011-03-10 01:27:15',NULL,NULL,NULL,NULL,NULL,NULL,0,NULL,0),(1562,'YUNDA',NULL,0,'2011-03-10 01:27:17',NULL,NULL,NULL,NULL,NULL,NULL,0,NULL,0),(1563,'YUNDA',NULL,0,'2011-03-10 01:27:19',NULL,NULL,NULL,NULL,NULL,NULL,0,NULL,0),(1564,'YUNDA',NULL,0,'2011-03-10 01:27:19',NULL,NULL,NULL,NULL,NULL,NULL,0,NULL,0),(1565,'YUNDA',NULL,0,'2011-03-10 01:27:21',NULL,NULL,NULL,NULL,NULL,NULL,0,NULL,0),(1566,'YUNDA',NULL,0,'2011-03-10 01:27:21',NULL,NULL,NULL,NULL,NULL,NULL,0,NULL,0),(1567,'YUNDA',NULL,0,'2011-03-10 01:27:22',NULL,NULL,NULL,NULL,NULL,NULL,0,NULL,0),(1601,'YUNDA',NULL,0,'2011-03-14 02:08:35',NULL,NULL,NULL,NULL,NULL,NULL,0,NULL,0),(1602,'YUNDA',NULL,0,'2011-03-14 02:08:37',NULL,NULL,NULL,NULL,NULL,NULL,0,NULL,0),(1603,'YUNDA',NULL,0,'2011-03-14 02:08:38',NULL,NULL,NULL,NULL,NULL,NULL,0,NULL,0),(1604,'YUNDA',NULL,0,'2011-03-14 02:08:41',NULL,NULL,NULL,NULL,NULL,NULL,0,NULL,0),(1605,'YUNDA',NULL,0,'2011-03-14 02:08:42',NULL,NULL,NULL,NULL,NULL,NULL,0,NULL,0),(1606,'YUNDA',NULL,0,'2011-03-14 02:08:43',NULL,NULL,NULL,NULL,NULL,NULL,0,NULL,0),(1607,'YUNDA',NULL,0,'2011-03-14 02:08:45',NULL,NULL,NULL,NULL,NULL,NULL,0,NULL,0),(1608,'YUNDA',NULL,0,'2011-03-14 02:08:46',NULL,NULL,NULL,NULL,NULL,NULL,0,NULL,0),(1609,'YUNDA',NULL,0,'2011-03-14 02:08:49',NULL,NULL,NULL,NULL,NULL,NULL,0,NULL,0),(1610,'YUNDA',NULL,0,'2011-03-14 02:08:49',NULL,NULL,NULL,NULL,NULL,NULL,0,NULL,0),(1611,'YUNDA',NULL,0,'2011-03-14 02:08:50',NULL,NULL,NULL,NULL,NULL,NULL,0,NULL,0),(1612,'YUNDA',NULL,0,'2011-03-14 02:08:51',NULL,NULL,NULL,NULL,NULL,NULL,0,NULL,0),(1613,'YUNDA',NULL,0,'2011-03-14 02:08:52',NULL,NULL,NULL,NULL,NULL,NULL,0,NULL,0),(1614,'YUNDA',NULL,0,'2011-03-14 02:08:53',NULL,NULL,NULL,NULL,NULL,NULL,0,NULL,0),(1615,'YUNDA',NULL,0,'2011-03-14 02:08:54',NULL,NULL,NULL,NULL,NULL,NULL,0,NULL,0),(1616,'YUNDA',NULL,0,'2011-03-14 02:08:55',NULL,NULL,NULL,NULL,NULL,NULL,0,NULL,0),(1617,'YUNDA',NULL,0,'2011-03-14 02:08:55',NULL,NULL,NULL,NULL,NULL,NULL,0,NULL,0),(1618,'YUNDA',NULL,0,'2011-03-14 02:08:56',NULL,NULL,NULL,NULL,NULL,NULL,0,NULL,0),(1619,'YUNDA',NULL,0,'2011-03-14 02:08:59',NULL,NULL,NULL,NULL,NULL,NULL,0,NULL,0),(1620,'YUNDA',NULL,0,'2011-03-14 02:09:01',NULL,NULL,NULL,NULL,NULL,NULL,0,NULL,0),(1621,'YUNDA',NULL,0,'2011-03-14 02:09:01',NULL,NULL,NULL,NULL,NULL,NULL,0,NULL,0),(1622,'YUNDA',NULL,0,'2011-03-14 02:09:02',NULL,NULL,NULL,NULL,NULL,NULL,0,NULL,0),(1623,'YUNDA',NULL,0,'2011-03-14 02:09:03',NULL,NULL,NULL,NULL,NULL,NULL,0,NULL,0),(1624,'YUNDA',NULL,0,'2011-03-14 02:09:05',NULL,NULL,NULL,NULL,NULL,NULL,0,NULL,0),(1625,'YUNDA',NULL,0,'2011-03-14 02:09:06',NULL,NULL,NULL,NULL,NULL,NULL,0,NULL,0),(1626,'YUNDA',NULL,0,'2011-03-14 02:09:06',NULL,NULL,NULL,NULL,NULL,NULL,0,NULL,0),(1627,'YUNDA',NULL,0,'2011-03-14 02:09:07',NULL,NULL,NULL,NULL,NULL,NULL,0,NULL,0),(1628,'YUNDA',NULL,0,'2011-03-14 02:09:08',NULL,NULL,NULL,NULL,NULL,NULL,0,NULL,0),(1629,'YUNDA',NULL,0,'2011-03-14 02:09:11',NULL,NULL,NULL,NULL,NULL,NULL,0,NULL,0),(1630,'YUNDA',NULL,0,'2011-03-14 02:09:12',NULL,NULL,NULL,NULL,NULL,NULL,0,NULL,0),(1631,'YUNDA',NULL,0,'2011-03-14 02:09:12',NULL,NULL,NULL,NULL,NULL,NULL,0,NULL,0),(1632,'YUNDA',NULL,0,'2011-03-14 02:09:13',NULL,NULL,NULL,NULL,NULL,NULL,0,NULL,0),(1633,'YUNDA',NULL,0,'2011-03-14 02:09:14',NULL,NULL,NULL,NULL,NULL,NULL,0,NULL,0),(1634,'YUNDA',NULL,0,'2011-03-14 02:09:15',NULL,NULL,NULL,NULL,NULL,NULL,0,NULL,0),(1635,'YUNDA',NULL,0,'2011-03-14 02:09:17',NULL,NULL,NULL,NULL,NULL,NULL,0,NULL,0),(1636,'YUNDA',NULL,0,'2011-03-14 02:09:18',NULL,NULL,NULL,NULL,NULL,NULL,0,NULL,0),(1637,'YUNDA',NULL,0,'2011-03-14 02:09:18',NULL,NULL,NULL,NULL,NULL,NULL,0,NULL,0),(1638,'YUNDA',NULL,0,'2011-03-14 02:09:19',NULL,NULL,NULL,NULL,NULL,NULL,0,NULL,0),(1639,'YUNDA',NULL,0,'2011-03-14 02:09:20',NULL,NULL,NULL,NULL,NULL,NULL,0,NULL,0),(1640,'YUNDA',NULL,0,'2011-03-14 02:09:21',NULL,NULL,NULL,NULL,NULL,NULL,0,NULL,0),(1641,'YUNDA',NULL,0,'2011-03-14 02:09:21',NULL,NULL,NULL,NULL,NULL,NULL,0,NULL,0),(1642,'YUNDA',NULL,0,'2011-03-14 02:09:22',NULL,NULL,NULL,NULL,NULL,NULL,0,NULL,0),(1643,'YUNDA',NULL,0,'2011-03-14 02:09:23',NULL,NULL,NULL,NULL,NULL,NULL,0,NULL,0),(1644,'YUNDA',NULL,0,'2011-03-14 02:09:24',NULL,NULL,NULL,NULL,NULL,NULL,0,NULL,0);
/*!40000 ALTER TABLE `order_delivery` ENABLE KEYS */;
UNLOCK TABLES;

--
-- Table structure for table `order_delivery_item`
--

DROP TABLE IF EXISTS `order_delivery_item`;
/*!40101 SET @saved_cs_client     = @@character_set_client */;
/*!40101 SET character_set_client = utf8 */;
CREATE TABLE `order_delivery_item` (
  `oid` int(11) NOT NULL,
  `header` int(11) NOT NULL,
  `item_oid` int(11) NOT NULL,
  `book_count` decimal(10,2) NOT NULL,
  `unit_cost` decimal(10,2) DEFAULT NULL,
  `returned` int(10) DEFAULT NULL,
  PRIMARY KEY (`oid`),
  KEY `ODI_FK_HEADER` (`header`),
  KEY `ODI_FK_ITEM` (`item_oid`),
  CONSTRAINT `ODI_FK_HEADER` FOREIGN KEY (`header`) REFERENCES `order_delivery` (`oid`) ON DELETE NO ACTION ON UPDATE NO ACTION,
  CONSTRAINT `ODI_FK_ITEM` FOREIGN KEY (`item_oid`) REFERENCES `order_item` (`oid`) ON DELETE NO ACTION ON UPDATE NO ACTION
) ENGINE=InnoDB DEFAULT CHARSET=utf8;
/*!40101 SET character_set_client = @saved_cs_client */;

--
-- Dumping data for table `order_delivery_item`
--

LOCK TABLES `order_delivery_item` WRITE;
/*!40000 ALTER TABLE `order_delivery_item` DISABLE KEYS */;
INSERT INTO `order_delivery_item` VALUES (1,401,1453,1.00,10.00,NULL),(2,401,1458,1.00,10.00,NULL),(3,401,1451,1.00,5.45,NULL),(4,401,1457,1.00,59.55,NULL),(5,401,1454,1.00,9.50,NULL),(6,401,1455,1.00,55.56,NULL),(7,401,1456,1.00,55.00,NULL),(8,401,1452,1.00,55.00,NULL),(51,352,1405,1.00,40.00,NULL),(52,252,1101,1.00,55.56,NULL),(53,252,1104,1.00,9.50,NULL),(101,504,1556,1.00,30.00,NULL),(102,504,1551,1.00,30.00,NULL),(103,504,1554,1.00,30.00,NULL),(104,504,1555,1.00,30.00,NULL),(105,504,1553,1.00,30.00,NULL),(106,504,1552,1.00,30.00,NULL),(107,651,1782,1.00,0.00,NULL),(108,651,1658,1.00,0.00,NULL),(109,651,1655,1.00,78.00,NULL),(110,651,1657,1.00,0.00,NULL),(111,651,1659,1.00,0.00,NULL),(112,651,1656,1.00,0.00,NULL),(113,554,1601,2.00,5.83,NULL),(114,554,1603,2.00,59.35,NULL),(115,402,1461,1.00,30.00,NULL),(116,402,1470,1.00,30.00,NULL),(117,402,1471,1.00,30.00,NULL),(118,402,1472,1.00,45.00,NULL),(119,402,1463,1.00,30.00,NULL),(120,402,1462,1.00,30.00,NULL),(121,402,1460,1.00,45.00,NULL),(122,402,1476,1.00,45.00,NULL),(123,402,1464,1.00,45.00,NULL),(124,402,1474,1.00,30.00,NULL),(125,402,1459,1.00,45.00,NULL),(126,402,1473,1.00,45.00,NULL),(127,556,1615,1.00,5.83,NULL),(128,556,1652,1.00,30.00,NULL),(129,556,1605,1.00,58.85,NULL),(130,556,1612,1.00,55.00,NULL),(131,556,1617,1.00,59.55,NULL),(132,556,1651,1.00,30.00,NULL),(133,556,1616,1.00,56.97,NULL),(134,556,1607,1.00,10.00,NULL),(135,556,1653,1.00,30.00,NULL),(136,556,1613,1.00,5.45,NULL),(137,556,1614,1.00,59.35,NULL),(138,556,1611,1.00,10.00,NULL),(139,556,1608,1.00,56.79,NULL),(140,556,1609,1.00,9.50,NULL),(141,556,1606,1.00,8.39,NULL),(142,556,1604,1.00,55.00,NULL),(143,556,1654,1.00,30.00,NULL),(144,556,1610,1.00,55.56,NULL),(145,403,1466,1.00,30.00,NULL),(146,403,1467,1.00,30.00,NULL),(147,403,1469,1.00,30.00,NULL),(148,403,1475,1.00,30.00,NULL),(149,403,1465,1.00,30.00,NULL),(150,403,1468,1.00,30.00,NULL),(151,652,1781,1.00,0.00,NULL),(152,652,1673,1.00,0.00,NULL),(153,652,1674,1.00,0.00,NULL),(154,404,1502,1.00,30.00,NULL),(155,404,1501,1.00,30.00,NULL),(156,354,1408,1.00,68.00,NULL),(157,555,1602,1.00,56.97,NULL),(158,557,1660,1.00,60.00,NULL),(159,557,1662,1.00,180.00,NULL),(160,557,1663,1.00,0.00,NULL),(161,557,1661,1.00,60.00,NULL),(162,454,1672,1.00,0.00,NULL),(201,202,1802,1.00,0.00,NULL),(202,202,1772,1.00,0.00,NULL),(203,202,951,1.00,56.97,NULL),(204,202,1801,1.00,0.00,NULL),(205,202,1771,1.00,0.00,NULL),(206,201,1166,1.00,398.00,NULL),(207,203,1126,1.00,56.79,NULL),(208,203,1125,1.00,8.39,NULL),(209,701,1805,1.00,0.00,NULL),(210,701,1803,1.00,0.00,NULL),(211,701,1804,1.00,0.00,NULL),(212,701,1754,1.00,0.00,NULL),(213,701,1751,1.00,0.00,NULL),(214,701,1806,1.00,0.00,NULL),(215,701,1753,1.00,0.00,NULL),(216,204,1131,2.00,59.35,NULL),(217,204,1132,5.00,59.55,NULL),(218,204,1129,2.00,5.83,NULL),(219,204,1130,5.00,5.45,NULL),(220,104,1134,1.00,0.00,NULL),(221,104,1759,1.00,0.00,NULL),(222,104,1760,1.00,0.00,NULL),(223,104,1138,1.00,0.00,NULL),(224,104,1761,1.00,0.00,NULL),(225,104,1136,1.00,0.00,NULL),(226,104,1756,1.00,0.00,NULL),(227,104,1135,1.00,0.00,NULL),(228,104,1139,1.00,200.00,NULL),(229,104,1133,1.00,0.00,NULL),(230,104,1757,1.00,0.00,NULL),(231,104,1137,1.00,0.00,NULL),(232,104,1755,1.00,0.00,NULL),(233,104,1758,1.00,0.00,NULL),(234,205,1128,6.00,5.83,NULL),(235,205,1127,6.00,59.35,NULL),(251,59,1312,1.00,5.00,NULL),(252,59,1311,1.00,5.00,NULL),(253,59,1308,1.00,40.00,NULL),(254,751,1301,1.00,30.00,NULL),(255,751,1297,1.00,45.00,NULL),(256,751,1305,1.00,30.00,NULL),(257,751,1302,1.00,30.00,NULL),(258,751,1299,1.00,45.00,NULL),(259,751,1300,1.00,30.00,NULL),(260,751,1296,1.00,45.00,NULL),(261,751,1294,1.00,45.00,NULL),(262,751,1295,1.00,45.00,NULL),(263,751,1304,1.00,30.00,NULL),(264,751,1298,1.00,45.00,NULL),(265,751,1303,1.00,30.00,NULL),(266,57,1284,1.00,30.00,NULL),(267,57,1282,1.00,30.00,NULL),(268,57,1283,1.00,30.00,NULL),(269,57,1279,1.00,30.00,NULL),(270,57,1281,1.00,30.00,NULL),(271,57,1280,1.00,30.00,NULL),(272,55,1314,1.00,200.00,NULL),(273,75,1253,1.00,30.00,NULL),(274,75,1256,1.00,30.00,NULL),(275,75,1255,1.00,30.00,NULL),(276,75,1252,1.00,30.00,NULL),(277,75,1251,1.00,30.00,NULL),(278,75,1254,1.00,30.00,NULL),(279,66,762,1.00,40.00,NULL),(301,5,703,1.00,40.00,NULL),(302,6,704,1.00,40.00,NULL),(303,3,705,1.00,56.97,NULL),(304,152,857,1.00,40.00,NULL),(351,156,1164,1.00,96.00,NULL),(352,1,1307,2.00,50.00,NULL),(353,2,1952,30.00,40.00,NULL),(354,2,1951,30.00,40.00,NULL),(355,153,1157,1.00,59.55,NULL),(356,153,1147,1.00,30.00,NULL),(357,153,1140,1.00,10.00,NULL),(358,153,1142,1.00,5.83,NULL),(359,153,1154,1.00,30.00,NULL),(360,153,1150,1.00,30.00,NULL),(361,153,1146,1.00,55.56,NULL),(362,153,1149,1.00,30.00,NULL),(363,153,1155,1.00,59.35,NULL),(364,153,1152,1.00,55.00,NULL),(365,153,1141,1.00,56.79,NULL),(366,153,1153,1.00,30.00,NULL),(367,153,1156,1.00,10.00,NULL),(368,153,1148,1.00,30.00,NULL),(369,153,1143,1.00,55.00,NULL),(370,153,1144,1.00,9.50,NULL),(371,153,1151,1.00,5.45,NULL),(372,153,1145,1.00,8.39,NULL),(373,151,851,1.00,30.00,NULL),(374,151,856,1.00,56.97,NULL),(375,154,853,1.00,56.97,NULL),(376,155,855,1.00,30.00,NULL),(377,155,854,1.00,30.00,NULL),(378,155,858,1.00,30.00,NULL),(379,155,852,1.00,30.00,NULL),(380,808,1917,1.00,30.00,NULL),(381,803,1867,1.00,30.00,NULL),(382,803,1859,1.00,30.00,NULL),(383,803,1861,1.00,30.00,NULL),(384,803,1879,1.00,30.00,NULL),(385,803,1877,1.00,30.00,NULL),(386,803,1860,1.00,30.00,NULL),(387,802,1855,1.00,30.00,NULL),(388,802,1853,1.00,30.00,NULL),(389,802,1876,1.00,30.00,NULL),(390,802,1863,1.00,45.00,NULL),(391,802,1869,1.00,30.00,NULL),(392,802,1882,1.00,45.00,NULL),(393,802,1953,1.00,30.00,NULL),(394,802,1864,1.00,30.00,NULL),(395,802,1959,1.00,30.00,NULL),(396,802,1954,1.00,30.00,NULL),(397,802,1874,1.00,45.00,NULL),(398,802,1960,1.00,30.00,NULL),(399,802,1955,1.00,30.00,NULL),(400,802,1961,1.00,30.00,NULL),(401,802,1852,1.00,45.00,NULL),(402,802,1870,1.00,45.00,NULL),(403,802,1957,1.00,30.00,NULL),(404,802,1865,1.00,30.00,NULL),(405,802,1881,1.00,45.00,NULL),(406,802,1962,1.00,30.00,NULL),(407,802,1956,1.00,30.00,NULL),(408,802,1958,1.00,50.00,NULL),(409,851,1919,1.00,96.00,NULL),(410,851,1857,1.00,330.00,NULL),(411,851,1922,1.00,96.00,NULL),(412,851,1920,1.00,96.00,NULL),(413,851,1918,1.00,96.00,NULL),(414,851,1923,1.00,96.00,NULL),(415,851,1921,1.00,96.00,NULL),(416,806,1868,1.00,56.97,NULL),(417,806,1908,1.00,50.00,NULL),(418,806,1858,1.00,30.00,NULL),(419,806,1913,1.00,50.00,NULL),(420,806,1880,1.00,30.00,NULL),(421,806,1914,1.00,50.00,NULL),(422,806,1872,1.00,30.00,NULL),(423,806,1915,1.00,50.00,NULL),(424,806,1854,1.00,30.00,NULL),(425,806,1911,1.00,50.00,NULL),(426,806,1910,1.00,50.00,NULL),(427,806,1851,1.00,30.00,NULL),(428,806,1916,1.00,50.00,NULL),(429,806,1907,1.00,50.00,NULL),(430,806,1912,1.00,50.00,NULL),(431,806,1873,1.00,30.00,NULL),(432,806,1909,1.00,50.00,NULL),(433,801,1904,1.00,50.00,NULL),(434,801,1903,1.00,50.00,NULL),(435,801,1897,1.00,50.00,NULL),(436,801,1905,1.00,50.00,NULL),(437,801,1901,1.00,50.00,NULL),(438,801,1902,1.00,50.00,NULL),(439,801,1906,1.00,50.00,NULL),(440,801,1898,1.00,50.00,NULL),(441,801,1899,1.00,50.00,NULL),(442,801,1900,1.00,50.00,NULL),(443,807,1878,1.00,30.00,NULL),(444,807,1871,1.00,30.00,NULL),(445,807,1862,1.00,30.00,NULL),(446,807,1875,1.00,30.00,NULL),(447,807,1856,1.00,30.00,NULL),(448,807,1866,1.00,30.00,NULL),(449,601,1702,1.00,30.00,NULL),(450,601,1705,1.00,30.00,NULL),(451,601,1701,1.00,30.00,NULL),(452,601,1704,1.00,30.00,NULL),(453,601,1703,1.00,30.00,NULL),(454,601,1706,1.00,30.00,NULL),(455,60,1306,1.00,78.00,NULL),(456,54,1285,1.00,58.00,NULL),(457,54,1286,1.00,58.00,NULL),(458,53,1963,1.00,0.00,NULL),(459,852,756,0.00,40.00,NULL),(460,852,758,0.00,40.00,NULL),(461,67,757,1.00,56.97,NULL),(462,51,752,1.00,330.00,NULL),(501,71,2001,4.00,5.83,NULL),(502,71,754,4.00,59.35,NULL),(503,73,751,1.00,40.00,NULL),(504,52,763,14.00,40.00,NULL),(551,901,2051,0.00,0.00,NULL),(552,901,2003,1.00,0.00,NULL),(553,901,1778,1.00,50.00,NULL),(554,901,2002,1.00,0.00,NULL),(555,902,1116,1.00,56.97,NULL),(556,902,1118,1.00,30.00,NULL),(557,902,1117,1.00,30.00,NULL),(558,902,1777,0.00,0.00,NULL),(559,902,1776,1.00,0.00,NULL),(560,255,1052,1.00,40.00,NULL),(561,255,1051,1.00,40.00,NULL),(562,209,1105,1.00,40.00,NULL),(563,209,1107,1.00,85.00,NULL),(564,209,1106,1.00,85.00,NULL),(565,254,1109,1.00,56.97,NULL),(566,254,1108,1.00,330.00,NULL),(567,251,1766,1.00,30.00,NULL),(568,251,1767,1.00,30.00,NULL),(569,251,1765,1.00,30.00,NULL),(570,251,1762,1.00,30.00,NULL),(571,251,1768,1.00,30.00,NULL),(572,251,1763,1.00,30.00,NULL),(573,251,2052,1.00,50.00,NULL),(574,251,1770,1.00,30.00,NULL),(575,251,1764,1.00,30.00,NULL),(576,251,1769,1.00,30.00,NULL),(577,208,1773,1.00,0.00,NULL),(578,208,958,1.00,56.97,NULL),(579,208,957,1.00,58.85,NULL),(580,208,1775,1.00,0.00,NULL),(581,208,1774,1.00,0.00,NULL),(582,305,1412,1.00,0.00,NULL),(583,305,1413,1.00,0.00,NULL),(584,301,1042,2.00,40.00,NULL),(585,301,1041,2.00,65.00,NULL),(601,951,1004,1.00,8.39,NULL),(602,951,1001,1.00,5.45,NULL),(603,951,1017,1.00,45.00,NULL),(604,951,1779,1.00,0.00,NULL),(605,951,1013,1.00,56.97,NULL),(606,951,1014,1.00,30.00,NULL),(607,951,1002,1.00,10.00,NULL),(608,951,1022,1.00,30.00,NULL),(609,951,1026,1.00,9.50,NULL),(610,951,1018,1.00,59.35,NULL),(611,951,1008,1.00,45.00,NULL),(612,951,1019,1.00,55.00,NULL),(613,951,1024,1.00,10.00,NULL),(614,951,1009,1.00,55.56,NULL),(615,951,1012,1.00,45.00,NULL),(616,951,1007,1.00,5.83,NULL),(617,951,1005,1.00,30.00,NULL),(618,951,1021,1.00,56.79,NULL),(619,951,1010,1.00,45.00,NULL),(620,951,1023,1.00,58.85,NULL),(621,951,1015,1.00,30.00,NULL),(622,951,1003,1.00,30.00,NULL),(623,951,1020,1.00,30.00,NULL),(624,951,1016,1.00,45.00,NULL),(625,951,1780,1.00,0.00,NULL),(626,951,1006,1.00,59.55,NULL),(627,951,1011,1.00,55.00,NULL),(628,951,1025,1.00,45.00,NULL),(629,105,1163,1.00,30.00,NULL),(630,105,1158,1.00,30.00,NULL),(631,105,801,1.00,56.97,NULL),(632,105,1160,1.00,30.00,NULL),(633,105,1162,1.00,30.00,NULL),(634,105,1752,1.00,0.00,NULL),(635,105,1161,1.00,30.00,NULL),(636,105,1159,1.00,30.00,NULL),(637,351,1411,1.00,80.00,NULL),(638,351,1410,1.00,45.00,NULL),(639,311,1033,1.00,45.00,NULL),(640,311,1034,1.00,80.00,NULL),(641,4,702,1.00,30.00,NULL),(642,4,701,1.00,30.00,NULL),(651,1005,2168,1.00,8.39,NULL),(652,1005,2158,1.00,56.79,NULL),(653,1001,2160,1.00,45.00,NULL),(654,1001,2161,1.00,45.00,NULL),(655,1001,2152,1.00,45.00,NULL),(656,1001,2157,1.00,45.00,NULL),(657,1001,2154,1.00,45.00,NULL),(658,1001,2151,1.00,45.00,NULL),(659,1001,2172,1.00,0.00,NULL),(660,811,2173,1.00,0.00,NULL),(661,1004,2169,1.00,0.00,NULL),(662,1004,2170,1.00,0.00,NULL),(663,1004,2153,1.00,0.00,NULL),(664,1006,2159,1.00,59.35,NULL),(665,1006,2156,1.00,5.83,NULL),(666,1003,2155,1.00,56.97,NULL),(667,812,1893,1.00,40.00,NULL),(701,1009,2163,2.00,200.00,NULL),(702,1009,2171,1.00,0.00,NULL),(751,1060,2301,1.00,96.00,NULL),(752,1051,2318,1.00,104.00,NULL),(753,1051,2319,1.00,0.00,NULL),(754,1052,2202,1.00,30.00,NULL),(755,1052,2203,1.00,30.00,NULL),(756,1052,2205,1.00,30.00,NULL),(757,1052,2204,1.00,30.00,NULL),(758,1052,2206,1.00,30.00,NULL),(759,1052,2201,1.00,30.00,NULL),(760,1058,2218,1.00,30.00,NULL),(761,1058,2213,1.00,30.00,NULL),(762,1058,2217,1.00,30.00,NULL),(763,1058,2214,1.00,30.00,NULL),(764,1058,2215,1.00,30.00,NULL),(765,1058,2216,1.00,30.00,NULL),(766,1055,2208,1.00,40.00,NULL),(767,1055,2209,1.00,40.00,NULL),(768,1059,2229,1.00,30.00,NULL),(769,1059,2221,1.00,5.45,NULL),(770,1059,2245,1.00,59.55,NULL),(771,1059,2219,1.00,0.00,NULL),(772,1059,2237,1.00,45.00,NULL),(773,1059,2224,1.00,45.00,NULL),(774,1059,2223,1.00,40.00,NULL),(775,1059,2247,1.00,330.00,NULL),(776,1059,2242,1.00,45.00,NULL),(777,1059,2228,1.00,30.00,NULL),(778,1059,2244,1.00,59.35,NULL),(779,1059,2248,1.00,30.00,NULL),(780,1059,2222,1.00,40.00,NULL),(781,1059,2227,1.00,5.83,NULL),(782,1059,2249,1.00,30.00,NULL),(783,1059,2235,1.00,5.00,NULL),(784,1059,2234,1.00,40.00,NULL),(785,1059,2226,1.00,55.00,NULL),(786,1059,2236,1.00,8.39,NULL),(787,1059,2232,1.00,56.79,NULL),(788,1059,2220,1.00,9.50,NULL),(789,1059,2225,1.00,30.00,NULL),(790,1059,2241,1.00,10.00,NULL),(791,1059,2239,1.00,45.00,NULL),(792,1059,2240,1.00,10.00,NULL),(793,1059,2230,1.00,55.56,NULL),(794,1059,2233,1.00,5.00,NULL),(795,1059,2231,1.00,45.00,NULL),(796,1059,2238,1.00,55.00,NULL),(797,1059,2243,1.00,30.00,NULL),(798,1059,2246,1.00,45.00,NULL),(799,1056,2211,1.00,30.00,NULL),(800,1056,2210,1.00,56.97,NULL),(801,1101,2167,1.00,58.85,NULL),(802,1101,2162,1.00,56.97,NULL),(851,1151,2357,1.00,0.00,NULL),(852,1151,2351,5.00,5.45,NULL),(853,1151,2356,5.00,59.55,NULL),(854,1151,2355,1.00,0.00,NULL),(855,1151,2352,5.00,5.83,NULL),(856,1151,2354,5.00,59.35,NULL),(857,1151,2353,1.00,128.00,NULL),(901,1201,1603,1.00,NULL,NULL),(902,1201,1601,1.00,NULL,NULL),(951,1251,2422,1.00,85.00,NULL),(952,1073,2274,1.00,30.00,NULL),(953,1073,2272,1.00,30.00,NULL),(954,1073,2275,1.00,30.00,NULL),(955,1073,2273,1.00,30.00,NULL),(956,1073,2277,1.00,30.00,NULL),(957,1073,2276,1.00,30.00,NULL),(958,1256,2260,1.00,55.00,NULL),(959,1256,2308,1.00,30.00,NULL),(960,1256,2279,1.00,30.00,NULL),(961,1256,2316,1.00,30.00,NULL),(962,1256,2255,1.00,5.45,NULL),(963,1256,2282,1.00,30.00,NULL),(964,1256,2252,1.00,55.56,NULL),(965,1256,2259,1.00,59.35,NULL),(966,1256,2311,1.00,50.00,NULL),(967,1256,2309,1.00,50.00,NULL),(968,1256,2320,1.00,78.00,NULL),(969,1256,2262,1.00,9.50,NULL),(970,1256,2307,1.00,30.00,NULL),(971,1256,2256,1.00,55.00,NULL),(972,1256,2281,1.00,30.00,NULL),(973,1256,2312,1.00,30.00,NULL),(974,1256,2315,1.00,30.00,NULL),(975,1256,2313,1.00,30.00,NULL),(976,1256,2253,1.00,8.39,NULL),(977,1256,2250,1.00,330.00,NULL),(978,1256,2264,1.00,10.00,NULL),(979,1256,2263,1.00,56.97,NULL),(980,1256,2257,1.00,5.83,NULL),(981,1256,2314,1.00,30.00,NULL),(982,1256,2261,1.00,58.85,NULL),(983,1256,2280,1.00,30.00,NULL),(984,1256,2254,1.00,56.79,NULL),(985,1256,2278,1.00,30.00,NULL),(986,1256,2258,1.00,59.55,NULL),(987,1256,2310,1.00,30.00,NULL),(988,1256,2283,1.00,30.00,NULL),(989,1256,2265,1.00,10.00,NULL),(990,1252,2405,1.00,30.00,NULL),(991,1252,2406,1.00,30.00,NULL),(992,1252,2402,1.00,30.00,NULL),(993,1252,2404,1.00,30.00,NULL),(994,1252,2403,1.00,30.00,NULL),(995,1252,2401,1.00,30.00,NULL),(996,810,1890,1.00,30.00,NULL),(997,810,1896,1.00,68.00,NULL),(998,810,1889,1.00,30.00,NULL),(999,810,1884,1.00,58.85,NULL),(1000,810,1883,1.00,330.00,NULL),(1001,810,1895,1.00,30.00,NULL),(1002,810,1891,1.00,56.97,NULL),(1003,1253,2423,1.00,58.85,NULL),(1004,1253,2408,1.00,56.97,NULL),(1051,1305,2465,1.00,85.00,NULL),(1052,1305,2466,1.00,65.00,NULL),(1053,1305,2464,1.00,65.00,NULL),(1054,1306,2270,1.00,30.00,NULL),(1055,1306,2317,1.00,0.00,NULL),(1056,1306,2271,1.00,30.00,NULL),(1057,1306,2269,1.00,30.00,NULL),(1058,1306,2267,1.00,30.00,NULL),(1059,1306,2266,1.00,30.00,NULL),(1060,1306,2251,1.00,0.00,NULL),(1061,1306,2268,1.00,30.00,NULL),(1062,1306,2304,1.00,0.00,NULL),(1101,1351,2165,1.00,0.00,NULL),(1102,1351,2468,1.00,128.00,NULL),(1103,1351,2467,1.00,0.00,NULL),(1104,1351,2424,1.00,0.00,NULL),(1151,1255,2414,2.00,30.00,NULL),(1152,1255,2524,2.00,50.00,NULL),(1153,1255,2413,2.00,30.00,NULL),(1154,1255,2417,2.00,30.00,NULL),(1155,1255,2412,2.00,45.00,NULL),(1156,1255,2416,2.00,45.00,NULL),(1157,1255,2411,2.00,30.00,NULL),(1158,1255,2520,2.00,50.00,NULL),(1159,1255,2410,2.00,30.00,NULL),(1160,1255,2420,2.00,45.00,NULL),(1161,1255,2418,2.00,45.00,NULL),(1162,1255,2415,2.00,30.00,NULL),(1163,1255,2523,2.00,50.00,NULL),(1164,1255,2519,2.00,50.00,NULL),(1165,1255,2521,2.00,50.00,NULL),(1166,1255,2419,2.00,45.00,NULL),(1167,1255,2421,2.00,45.00,NULL),(1168,1255,2522,2.00,50.00,NULL),(1169,1402,2502,1.00,30.00,NULL),(1170,1402,2509,1.00,30.00,NULL),(1171,1402,2508,1.00,30.00,NULL),(1172,1402,2506,1.00,56.97,NULL),(1173,1402,2504,1.00,30.00,NULL),(1174,1402,2505,1.00,30.00,NULL),(1175,1402,2525,1.00,58.85,NULL),(1176,1402,2503,1.00,30.00,NULL),(1177,1301,2452,1.00,40.00,NULL),(1178,1301,2451,1.00,40.00,NULL),(1179,1401,2501,1.00,40.00,NULL),(1180,1403,2511,1.00,40.00,NULL),(1181,1403,2512,1.00,40.00,NULL),(1182,1403,2510,1.00,40.00,NULL),(1183,1304,2528,1.00,0.00,NULL),(1184,1303,2461,1.00,0.00,NULL),(1185,1303,2527,1.00,0.00,NULL),(1186,1303,2463,1.00,0.00,NULL),(1187,1303,2460,1.00,0.00,NULL),(1188,1303,2459,1.00,0.00,NULL),(1189,1303,2526,1.00,0.00,NULL),(1201,1454,2561,1.00,30.00,NULL),(1202,1454,2560,1.00,30.00,NULL),(1203,1454,2562,1.00,56.79,NULL),(1204,1404,2514,1.00,40.00,NULL),(1205,1404,2515,1.00,5.00,NULL),(1206,1404,2517,1.00,5.00,NULL),(1207,1404,2518,1.00,0.00,NULL),(1208,1404,2513,1.00,40.00,NULL),(1209,1404,2516,1.00,40.00,NULL),(1210,1302,2454,1.00,40.00,NULL),(1211,1302,2456,1.00,5.00,NULL),(1212,1302,2457,1.00,5.00,NULL),(1213,1302,2455,1.00,40.00,NULL),(1214,1302,2453,1.00,0.00,NULL),(1215,1302,2458,1.00,40.00,NULL),(1216,1453,2579,1.00,58.85,NULL),(1217,1453,2558,1.00,56.97,NULL),(1218,1452,2557,1.00,330.00,NULL),(1219,1451,2552,1.00,30.00,NULL),(1220,1451,2551,1.00,30.00,NULL),(1221,1451,2555,1.00,30.00,NULL),(1222,1451,2556,1.00,30.00,NULL),(1223,1451,2553,1.00,30.00,NULL),(1224,1451,2554,1.00,30.00,NULL),(1225,1455,2577,1.00,0.00,NULL),(1226,1078,2288,1.00,40.00,NULL),(1227,1078,2285,1.00,40.00,NULL),(1228,1078,2286,1.00,40.00,NULL),(1229,1078,2289,1.00,5.00,NULL),(1230,1078,2284,1.00,5.00,NULL),(1231,1078,2287,1.00,0.00,NULL),(1232,1457,2575,1.00,0.00,NULL),(1233,1457,2569,1.00,0.00,NULL),(1234,1457,2576,1.00,0.00,NULL),(1235,1457,2570,1.00,0.00,NULL),(1251,809,1888,1.00,5.00,NULL),(1252,809,1885,1.00,40.00,NULL),(1253,809,1887,1.00,0.00,NULL),(1254,809,1892,1.00,40.00,NULL),(1255,809,1894,1.00,5.00,NULL),(1256,809,1886,1.00,40.00,NULL);
/*!40000 ALTER TABLE `order_delivery_item` ENABLE KEYS */;
UNLOCK TABLES;

--
-- Table structure for table `order_delivery_po`
--

DROP TABLE IF EXISTS `order_delivery_po`;
/*!40101 SET @saved_cs_client     = @@character_set_client */;
/*!40101 SET character_set_client = utf8 */;
CREATE TABLE `order_delivery_po` (
  `do_oid` int(11) NOT NULL,
  `po_oid` int(11) NOT NULL,
  PRIMARY KEY (`do_oid`,`po_oid`)
) ENGINE=InnoDB DEFAULT CHARSET=utf8;
/*!40101 SET character_set_client = @saved_cs_client */;

--
-- Dumping data for table `order_delivery_po`
--

LOCK TABLES `order_delivery_po` WRITE;
/*!40000 ALTER TABLE `order_delivery_po` DISABLE KEYS */;
INSERT INTO `order_delivery_po` VALUES (1,204),(2,205),(3,206),(4,203),(5,201),(6,202),(51,260),(52,268),(53,274),(54,262),(55,251),(57,266),(58,253),(59,272),(60,264),(66,269),(67,255),(71,258),(73,265),(75,270),(104,301),(105,303),(151,353),(152,354),(153,352),(154,356),(155,351),(156,355),(201,404),(202,402),(203,401),(204,405),(205,403),(208,409),(209,410),(210,408),(251,452),(252,454),(254,455),(255,453),(301,505),(305,504),(311,511),(351,601),(352,603),(354,602),(401,651),(402,653),(403,652),(404,654),(454,704),(504,752),(554,801),(555,805),(556,807),(557,806),(601,851),(651,751),(651,753),(651,754),(651,804),(652,701),(652,702),(652,703),(701,302),(701,305),(751,254),(751,273),(801,907),(802,906),(803,908),(806,902),(807,903),(808,901),(809,911),(810,910),(811,913),(812,909),(851,904),(851,905),(852,259),(852,261),(901,502),(901,510),(902,501),(902,503),(902,506),(902,507),(951,509),(951,512),(1001,1004),(1002,1005),(1003,1002),(1004,1003),(1005,1001),(1006,1006),(1009,1008),(1010,1007),(1051,1051),(1052,1052),(1055,1055),(1056,1056),(1058,1058),(1059,1059),(1060,1060),(1061,1061),(1073,1073),(1078,1078),(1101,1009),(1101,1010),(1151,1101),(1201,801),(1251,1151),(1252,1152),(1253,1153),(1255,1155),(1256,1063),(1256,1064),(1256,1068),(1256,1072),(1256,1076),(1301,1201),(1302,1202),(1303,1203),(1304,1204),(1305,1205),(1306,1062),(1306,1065),(1306,1067),(1306,1069),(1306,1070),(1306,1071),(1306,1074),(1306,1075),(1306,1077),(1306,1080),(1351,1011),(1351,1012),(1401,1251),(1402,1252),(1403,1253),(1404,1254),(1451,1301),(1452,1302),(1453,1303),(1454,1304),(1455,1305),(1457,1307);
/*!40000 ALTER TABLE `order_delivery_po` ENABLE KEYS */;
UNLOCK TABLES;

--
-- Table structure for table `order_disp_item`
--

DROP TABLE IF EXISTS `order_disp_item`;
/*!40101 SET @saved_cs_client     = @@character_set_client */;
/*!40101 SET character_set_client = utf8 */;
CREATE TABLE `order_disp_item` (
  `oid` int(11) NOT NULL,
  `name` varchar(500) NOT NULL,
  `count` int(10) NOT NULL,
  `unit_price` decimal(10,2) NOT NULL,
  `order_header` int(11) NOT NULL,
  `actual_price` decimal(10,2) NOT NULL DEFAULT '0.00',
  PRIMARY KEY (`oid`),
  KEY `order_disp_item_fk_header` (`order_header`),
  CONSTRAINT `order_disp_item_fk_header` FOREIGN KEY (`order_header`) REFERENCES `order_common` (`oid`) ON DELETE NO ACTION ON UPDATE NO ACTION
) ENGINE=InnoDB DEFAULT CHARSET=utf8;
/*!40101 SET character_set_client = @saved_cs_client */;

--
-- Dumping data for table `order_disp_item`
--

LOCK TABLES `order_disp_item` WRITE;
/*!40000 ALTER TABLE `order_disp_item` DISABLE KEYS */;
INSERT INTO `order_disp_item` VALUES (51,'香港朗文原版小学教材Longman Welcome to English 2B 二年级下册',3,81.00,261,195.00),(55,'香港朗文原版小学教材Longman Welcome to English 1B 一年级下册',3,81.00,259,195.00),(58,'easy to read Level1 The Magic Porridge Pot 魔法锅 6',1,85.00,262,85.00),(61,'T#正版台湾幼儿园英文教材love english lv2 小班下3-4岁送DVD CD',4,100.00,258,340.00),(69,'Super Phonics正版台湾东西小学生自然拼读教材 全3册！送大礼包',1,305.00,275,305.00),(73,'正版Phonics kids台湾东西幼儿自然拼读发音教材1-3|现货送大礼包',1,299.00,270,280.00),(77,'香港朗文原版小学教材Longman Welcome to English 1B 一年级下册',1,81.00,265,81.00),(78,'原版美国小学语文数学科学综合学科英语教材SOE一年级(预定)试听',1,460.00,252,360.00),(82,'Houghton Mifflin Reading Frindle 英文阅读 粉灵豆',1,12.00,274,10.00),(83,'T#正版 台湾幼儿园英教材LOVE ENGLISH starter1 2-3岁托班',1,100.00,255,100.00),(86,'香港朗文原版小学教材Longman Welcome to English 1B 一年级下册',14,81.00,268,980.00),(151,'Phonics kids 台湾幼儿园自然拼读发音教材4B 送CD DVD正版秒杀！',3,69.00,271,107.00),(161,'香港朗文原版小学教材Longman Welcome to English 1A 一年级上册',1,81.00,269,81.00),(162,'正版-Phonics Kids 台湾幼儿园自然拼读/拼音经典教材 2A 送AVCD',5,57.00,271,185.00),(168,'东方娃娃绘本英语2010全新套装正版六本一套',1,77.00,264,7.41),(170,'Phonics kids 台湾东西 幼儿园自然拼读发音教材4A 正版秒杀！',3,69.00,271,107.00),(175,'补拍',263,1.00,267,263.00),(176,'正版-Phonics Kids 台湾幼儿园自然拼读/拼音经典教材 2B 送AVCD',5,57.00,271,85.00),(178,'B5-强烈推荐！原版名家绘本小宝宝必备-小小孩系列二本 送美音mp3',1,29.99,264,15.39),(180,'幼儿启蒙颜色 可爱立体 英文书 Curious Kitties 好奇的小猫',1,15.00,264,3.20),(201,'正版台湾启蒙亲子英文《跟小小孩说英文》港台热卖含AVCD送礼包',1,415.00,260,365.00),(206,'Phonics kids台湾东西幼儿园自然拼读教材4-6套装正版平装秒杀！',1,359.00,273,359.00),(211,'G#开发孩子想象力-太空中的下午茶-Teatime in space 3-8',1,28.00,257,28.00),(216,'T# 0-1岁 宝宝英语启蒙 精选原版书籍和儿歌套餐',10,128.00,205,3900.00),(218,'Phonics kids台湾东西幼儿园自然拼读教材4-6套装正版平装秒杀！',1,359.00,257,359.00),(220,'soe，K，2全套，1，3，4，5练习册和测评题，预定',1,800.00,256,800.00),(224,'正版Phonics kids台湾东西幼儿自然拼读发音教材1-3|现货送大礼包',1,299.00,257,299.00),(225,'G#精装大嘴猴 - Only In Dreams -亚马逊五星推荐 3-8',1,35.00,257,35.00),(226,'正版Phonics kids台湾东西幼儿自然拼读发音教材1-3|现货送大礼包',1,299.00,254,299.00),(229,'G#名家绘本-亚马逊五星-Oliver Who Would Not Sleep!3-8',1,29.00,257,29.00),(237,'soe 1,3,4，5学生书+六年级全套，送K-6年级刻录CD',1,2000.00,263,2000.00),(240,'T#正版Sight Word Kids台湾幼儿教材学习英文常见字全10册送礼包',1,650.00,257,650.00),(242,'正版Phonics kids台湾东西幼儿自然拼读发音教材1-3|现货送大礼包',1,299.00,266,299.00),(303,'T#正版 台湾幼儿园英教材LOVE ENGLISH starter1 2-3岁托班',1,100.00,206,75.00),(313,'AP#Up Close-Sharks之神奇鲨鱼|英美中小学畅普读物！考ISEE推荐',1,16.00,305,16.00),(316,'美国原版幼儿园教材 Yippee Red Level 小班 另配多媒体CD软件',2,260.00,204,520.00),(317,'O#原版 龙之诗 Dragon Poem - 献给所有喜欢恐龙的宝宝',1,19.00,305,19.00),(318,'AP#Up Close-T.Rex之恐龙之王-霸王龙|英国小学生科普阅读教材！',1,16.00,305,16.00),(319,'H#美国科普阅读-恐龙大全Dinosaurs-英文原版百科读物',1,58.00,305,58.00),(321,'AP#Up Close-Dinosaurs之恐龙部落|原版英国小学科普读物！独家！',1,16.00,305,16.00),(322,'TFKids - 美国小学原版分级读物 二年级上 套装 科普类',1,60.00,253,60.00),(323,'香港朗文原版小学教材Longman Welcome to English 1A 一年级上册',1,81.00,202,100.00),(324,'TFKids - 美国小学原版分级读物 三年级上 套装 科普类',1,60.00,253,60.00),(327,'Super Phonics正版台湾东西小学生自然拼读教材 全3册！送大礼包',1,305.00,272,305.00),(332,'香港朗文原版小学教材Longman Welcome to English 2A 二年级上册',1,81.00,201,70.00),(334,'TFKids - 美国小学原版分级读物 二年级下 套装 科普类',1,60.00,253,60.00),(338,'AP#Up Close-Space之神秘太空|英美中小学畅销科普读物！',1,16.00,305,16.00),(339,'原版美国小学语文数学科学综合学科英语教材SOE一年级(预定)试听',1,460.00,251,460.00),(346,'台湾东西出版社Phonics Kids 自然拼读 幼儿园教材3B 送AVCD 正版',1,57.00,203,57.00),(347,'台湾东西出版社Phonics Kids 自然拼读 幼儿园教材3A 送AVCD 正版',1,57.00,203,57.00),(348,'S#1.0-原版幼儿园宝宝 创意学习 手工 4本涂色书套餐-送水彩笔',1,39.00,203,30.00),(349,'soe 一年级正版音频CD',1,120.00,304,120.00),(361,'英文原版Macmillan Dictionary for Children(麦克米伦儿童字典)',1,220.00,451,220.00),(501,'T#进口幼儿园英文入门教材LOVE ENGLISH lv3 中班上送DVD CD正版',5,100.00,405,440.00),(502,'美国Macmillan 幼儿园英文教材 Finger Print 3A 适用3-6岁',1,188.00,355,150.40),(503,'台湾东西出版社Phonics Kids 自然拼读 幼儿园教材3A 送AVCD 正版',1,57.00,351,40.00),(508,'T#正版 台湾幼儿园英教材LOVE ENGLISH starter1 2-3岁托班',1,100.00,356,80.00),(509,'T#正版Sight Word Kids台湾幼儿教材学习英文常见字全10册送礼包',1,650.00,452,500.00),(510,'G#英文I\'m a truck driver我是小小卡车司机！3-8岁小车迷必备',1,29.00,302,29.00),(512,'T#正版 台湾幼儿园英教材LOVE ENGLISH starter1 2-3岁托班',1,100.00,353,75.00),(514,'正版-Phonics Kids 台湾幼儿园自然拼读/拼音经典教材 2A 送AVCD',1,57.00,351,40.00),(519,'Phonics Box 字母拼读教具组 台湾东西拼读教师用书 配CD正版',1,688.00,404,688.00),(524,'正版台湾东西Phonics Kids自然拼读音幼儿园教材1A 量大另有优惠',1,57.00,353,45.00),(528,'台湾东西出版社Phonics Kids 自然拼读 幼儿园教材3B 送AVCD 正版',1,57.00,351,40.00),(531,'香港朗文原版小学教材Longman Welcome to English 2A 二年级上册',1,81.00,354,81.00),(534,'正版-Phonics Kids 台湾幼儿园自然拼读/拼音经典教材 2B 送AVCD',1,57.00,351,40.00),(537,'S#20 英国USBORNE-非常考孩子智力的动物迷宫书-AnimalMazes',1,15.00,302,15.00),(538,'T#正版包邮现货秒杀台湾东西图书LOVE ENGLISH全套1-6|量大可批发',1,580.00,352,580.00),(539,'正版Phonics kids台湾东西幼儿自然拼读发音教材1-3|现货送大礼包',1,299.00,352,299.00),(544,'T#正版台湾幼儿园英文教材love english lv2 小班下3-4岁送DVD CD',2,100.00,405,176.00),(552,'正版Phonics kids台湾东西幼儿自然拼读发音教材1-3|现货送大礼包',1,299.00,303,299.00),(555,'原版儿童教育指南 幼儿园 What Your Kindergarten Needs to know',1,135.00,303,135.00),(559,'T#正版 台湾幼儿园英教材LOVE ENGLISH starter1 2-3岁托班',1,100.00,303,100.00),(701,'香港朗文原版小学教材Longman Welcome to English 1A 一年级上册',1,81.00,453,81.00),(702,'T#正版 台湾幼儿园英教材LOVE ENGLISH starter1 2-3岁托班',1,100.00,507,100.00),(705,'香港朗文1B  3B  5B',1,263.00,410,263.00),(706,'T#正版 台湾幼儿园英教材LOVE ENGLISH starter1 2-3岁托班',1,100.00,402,75.00),(708,'T#进口东西幼儿园英文入门教材love english lv4 中班下学期4-5岁',2,100.00,454,190.00),(709,'1，3，4，5年级的学生书+六年级学生套装+七个年级的CD',1,2740.00,301,2740.00),(710,'T#台湾幼儿园英文启蒙教材LOVE ENGLISH starter2 2-3岁适用-托班',1,100.00,409,75.00),(711,'美国高中物理教材',1,28.00,408,28.00),(712,'T#正版 台湾幼儿园英教材LOVE ENGLISH starter1 2-3岁托班',1,100.00,455,100.00),(714,'B#超有趣！0-4岁英文启蒙故事纸板书Are you My Mommy?小鸭！拟声',1,15.00,409,13.20),(716,'幼儿启蒙颜色 可爱立体 英文书 Curious Kitties 好奇的小猫',1,15.00,402,13.20),(717,'YIPPEE 小班，教师手册+白板软件',1,880.00,502,880.00),(719,'B#超有趣！0-4岁英文启蒙故事书大眼睛2本合集！(鸭子蜜蜂)',1,28.00,503,28.00),(720,'B5-强烈推荐！原版名家绘本小宝宝必备-小小孩系列二本 送美音mp3',1,29.99,402,26.39),(721,'香港朗文原版小学教材Longman Welcome to English 1B 一年级下册',1,81.00,453,81.00),(723,'正版台湾东西Phonics Kids自然拼读音幼儿园教材1A 量大另有优惠',1,57.00,501,57.00),(724,'正版台湾东西Phonics Kids自然拼读音幼儿园教材 1B-量大另有优惠',1,57.00,506,57.00),(726,'正版台湾启蒙亲子英文《跟小小孩说英文》港台热卖含AVCD送礼包',1,415.00,455,400.00),(727,'B7-原版宝宝英文启蒙书Learning My Numbers认识数字 趣味纸板',1,9.90,402,8.71),(729,'T#台湾幼儿园英文教材LOVE ENGLISH level1小班上 量大另有优惠',1,100.00,401,5.00),(730,'T#正版台湾幼儿园英文教材love english lv2 小班下3-4岁送DVD CD',6,100.00,403,510.00),(731,'G#You are what you eat！-平装科普阅读书 - 教给孩子不挑食',1,12.00,409,10.52),(732,'T#正版 台湾幼儿园英教材LOVE ENGLISH starter1 2-3岁托班',1,100.00,409,75.00),(733,'T#幼儿园英文教材LOVE ENGLISH level5大班上 5-6岁送DVD CD',1,100.00,454,95.00),(736,'B8-美国幼儿学单词的第一本书 原版Baby\'s First Snooze送美音mp3',1,16.00,402,13.70),(737,'B2-幼儿启蒙英文-小小孩名家绘本2- Say Goodnight！纸板*送mp3',1,16.00,409,14.08),(746,'Super Phonics正版台湾东西小学生自然拼读教材 全3册！送大礼包',1,305.00,406,305.00),(749,'Phonics kids台湾东西幼儿园自然拼读教材4-6套装正版平装秒杀！',1,359.00,407,359.00),(866,'香港朗文原版小学教材Longman Welcome to English 1B 一年级下册',1,81.00,603,81.00),(906,'B4小小孩名家绘本4Ten Little Fingers and Ten little Toes送mp3',1,16.00,804,16.00),(908,'Super Phonics正版台湾东西小学生自然拼读教材 全3册！送大礼包',1,305.00,514,170.00),(913,'B2-幼儿启蒙英文-小小孩名家绘本2- Say Goodnight！纸板*送mp3',1,16.00,753,16.00),(917,'G#有史以来最适合BABY的书! Peepo! 亚马逊五星绘本 热卖！',1,28.00,754,28.00),(919,'Phonics kids台湾东西幼儿园自然拼读教材4-6套装正版平装秒杀！',1,359.00,512,359.00),(921,'B5-强烈推荐！原版名家绘本小宝宝必备-小小孩系列二本 送美音mp3',1,29.99,509,0.01),(922,'B3-启蒙英文阅读小小孩名家绘本3Tickle Tickle纸板*送美音mp3',1,16.00,804,16.00),(924,'B1-幼儿英文启蒙-小小孩名家绘本1All Fall Down纸板书*独家送mp3',1,16.00,804,16.00),(926,'正版Phonics kids台湾东西幼儿自然拼读发音教材1-3|现货送大礼包',1,299.00,512,291.00),(929,'spotlight 幼儿园互动软件，送刻录CD',1,380.00,504,380.00),(930,'G#名家绘本-亚马逊五星-Oliver Who Would Not Sleep!3-8',1,29.00,804,29.00),(932,'2010新版美国朗文 小学 英语教材 Hip Hip Hooray! 第3册 第二版',1,186.00,511,176.00),(934,'香港朗文原版小学教材Longman Welcome to English 1B 一年级下册',2,81.00,505,153.90),(937,'G#热卖绘本！亚马逊五星Do mice eat rice? 老鼠也吃米？4-8',1,23.80,804,23.80),(938,'东方娃娃绘本英语2010全新套装正版六本一套',1,77.00,751,77.00),(939,'香港朗文1B综合练习册',2,82.00,505,156.10),(940,'T#正版台湾东西出版幼儿园 英文教材 LOVE ENGLISH 3-7岁全8册',1,750.00,512,750.00),(941,'美国原版幼儿园教材 Yippee Red Level 小班 另配多媒体CD软件',1,260.00,510,260.00),(942,'Super Phonics English台湾小学 拼读英文自然发音 二年级 正版',1,119.00,513,101.00),(945,'Super Phonics正版台湾东西小学生自然拼读教材 全3册！送大礼包',1,305.00,508,200.00),(955,'T#Sight Word Kids台湾幼儿英文教材-看漫画学单词 5a-配DVD CD',1,65.00,654,65.00),(956,'美国现行综合教材 Spotlight on English 幼儿园英语课本原装正版',1,460.00,806,490.00),(957,'正版Phonics kids台湾东西幼儿自然拼读发音教材1-3|现货送大礼包',1,299.00,652,270.00),(961,'正版Phonics kids台湾东西幼儿自然拼读发音教材1-3|现货送大礼包',1,299.00,752,299.00),(963,'2010新版美国朗文 小学 英语教材 Hip Hip Hooray! 第3册 第二版',1,186.00,601,176.00),(967,'香港朗文1B pre-task',5,82.00,605,389.50),(968,'BIRDIE\'s Big-Girl Shoes原版绘本故事 时尚小芭帝的美丽高跟鞋',1,29.90,703,29.90),(969,'T#Sight Word Kids台湾幼儿英文教材-看漫画学单词 5b-配DVD CD',1,65.00,654,65.00),(971,'P#美国小女孩最爱的故事-美丽精灵小公主The Very Fairy Princess',1,28.00,702,28.00),(973,'S#女孩最爱的书 公主的故事和换装书 Giant Dress-Up Doll Book',1,59.00,701,59.00),(1051,'B8-美国幼儿学单词的第一本书 原版Baby\'s First Snooze送美音mp3',1,16.00,901,16.00),(1055,'正版Phonics kids台湾东西幼儿自然拼读发音教材1-3|现货送大礼包',1,299.00,902,299.00),(1056,'T#进口幼儿园英文入门教材LOVE ENGLISH lv3 中班上送DVD CD正版',1,100.00,651,86.00),(1058,'T#正版Sight Word Kids台湾幼儿教材学习英文常见字全10册送礼包',1,650.00,902,650.00),(1059,'New！Build up phonics reader 1A 原版幼儿自然拼读启蒙分级读物',1,120.00,602,120.00),(1061,'Phonics kids台湾东西幼儿园自然拼读教材4-6套装正版平装秒杀！',1,359.00,653,359.00),(1062,'T#幼儿园英文教材LOVE ENGLISH level5大班上 5-6岁送DVD CD',1,100.00,651,88.00),(1063,'B11-英文趣味阅读2-4岁 超可爱纸板翻翻书Bye-Bye系列三本 特价',1,9.00,901,6.00),(1064,'正版Phonics kids台湾东西幼儿自然拼读发音教材1-3|现货送大礼包',1,299.00,653,299.00),(1065,'T#幼儿园英文教材LOVE ENGLISH level6大班下 5-6岁可Homeschool',1,100.00,651,88.00),(1068,'B6-趣味小火车Colours Shapes Opposites Numbers四本|送美音mp3',1,32.00,901,32.00),(1074,'T#进口东西幼儿园英文入门教材love english lv4 中班下学期4-5岁',1,100.00,651,88.00),(1075,'T#正版 台湾幼儿园英教材LOVE ENGLISH starter1 2-3岁托班',1,100.00,902,100.00),(1077,'T#台湾畅销原版英文儿歌童谣教材We sing We Play 5正版1书+AVCD',1,48.00,901,48.00),(1079,'B#超有趣！0-4岁英文启蒙故事书大眼睛2本合集！(鸭子蜜蜂)',1,28.00,901,28.00),(1080,'H#2-四季环球旅游书 Lonely Planet: A Year of Adventure',1,59.00,704,59.00),(1081,'T#正版 台湾幼儿园英教材LOVE ENGLISH starter1 2-3岁托班',1,100.00,805,100.00),(1082,'幼儿启蒙颜色 可爱立体 英文书 Curious Kitties 好奇的小猫',1,15.00,901,15.00),(1083,'B5-强烈推荐！原版名家绘本小宝宝必备-小小孩系列二本 送美音mp3',1,29.99,901,29.99),(1085,'TV#1原版粉红猪小妹 DVD配套 游戏英文书 -Peppa pig|获欧洲大奖',1,9.90,901,9.90),(1105,'Super Phonics正版台湾东西小学生自然拼读教材 全3册！送大礼包',1,305.00,604,200.00),(1110,'New！travelerbeginners 原版美国中学ELT英文教材',1,180.00,1012,180.00),(1113,'H#2-四季环球旅游书 Lonely Planet: A Year of Adventure',1,59.00,1011,59.00),(1114,'AP#Up Close-Pirates著名海盗|英美中小学畅销科普读物！SAT推荐',1,16.00,1011,16.00),(1185,'S#20 英国USBORNE-非常考孩子智力的动物迷宫书-AnimalMazes',1,15.00,1079,15.00),(1186,'虹猫蓝兔火凤凰  同名动画 经典中文故事书 3-9岁推荐 注音本',1,12.99,1079,12.99),(1251,'TFKids-3.1美国三年级科普分级读物Breakfast_around_the_world等',1,18.00,1062,17.10),(1252,'Vliegen Plane 德语版 飞机 儿童手工模型',1,39.00,1061,34.30),(1253,'正版台湾启蒙亲子英文《跟小小孩说英文》港台热卖含AVCD送礼包',1,415.00,1063,390.00),(1254,'love english starter2 教师手册+律动操DVD',1,195.00,1051,195.00),(1255,'welcome to english 6B 学生书',1,98.00,1151,98.00),(1256,'T#正版Sight Word Kids台湾幼儿教材学习英文常见字全10册送礼包',1,650.00,1064,490.00),(1257,'2010新美国朗文 小学 英语 教材Hip Hip Hooray!第1册第二版配CD',15,186.00,1053,2400.00),(1258,'正版Phonics kids台湾东西幼儿自然拼读发音教材1-3|现货送大礼包',1,299.00,1052,230.00),(1259,'TFKids-1.6-2010美国原版一年级科普分级读物sealife/insects等',1,12.00,1065,11.40),(1260,'正版Phonics kids台湾东西幼儿自然拼读发音教材1-3|现货送大礼包',1,299.00,1069,284.05),(1261,'T#正版台湾幼儿园英文教材love english lv2 小班下3-4岁送DVD CD',1,100.00,1006,100.00),(1262,'Early Readers Three Happy Time Stories 英文启蒙故事1',1,28.00,1074,26.60),(1263,'Macmillan Dictionary First Children麦克米兰儿童字典美销量No1',1,198.00,1075,188.10),(1264,'正版Phonics kids台湾东西幼儿自然拼读发音教材1-3|现货送大礼包',1,299.00,1076,250.00),(1265,'H#Organisation Theory: Concepts and cases 组织管理（第五版）',1,35.00,1007,35.00),(1266,'T#台湾幼儿园英文启蒙教材LOVE ENGLISH starter2 2-3岁适用-托班',1,100.00,1153,100.00),(1267,'T#正版 台湾幼儿园英教材LOVE ENGLISH starter1 2-3岁托班',1,100.00,1153,100.00),(1268,'正版Phonics kids台湾东西幼儿自然拼读发音教材1-3|现货送大礼包',1,299.00,1152,250.00),(1269,'原版美国小学英语 数学 科学综合学科英文课本SOE三年级 正版课本',1,460.00,1054,360.00),(1270,'香港朗文原版小学教材Longman Welcome to English 2A 二年级上册',1,81.00,1055,81.00),(1271,'香港朗文原版小学教材Longman Welcome to English 1B 一年级下册',1,81.00,1055,81.00),(1272,'T#台湾幼儿园英文教材LOVE ENGLISH level1小班上 量大另有优惠',1,100.00,1001,100.00),(1273,'P# My First Farmyard Tales英文原版-精装美国儿童英文故事书',1,32.00,1067,0.01),(1274,'T#正版台湾东西出版幼儿园 英文教材 LOVE ENGLISH 3-7岁全8册',1,750.00,1068,670.00),(1275,'TFKids美国原版phonics分级读物 Word Family 幼儿园大班20本套装',1,50.00,1070,47.50),(1276,'东方娃娃绘本英语2010全新套装正版六本一套',1,77.00,1072,0.01),(1277,'TFKids - 美国小学原版启蒙分级读物 一年级上 套装 科普类',1,60.00,1071,57.00),(1278,'正版台湾东西Phonics Kids自然拼读音幼儿园教材1A 量大另有优惠',1,57.00,1056,57.00),(1279,'T#正版 台湾幼儿园英教材LOVE ENGLISH starter1 2-3岁托班',1,100.00,1056,100.00),(1280,'正版Phonics kids台湾东西幼儿自然拼读发音教材1-3|现货送大礼包',1,299.00,1073,299.00),(1281,'T#台湾幼儿园英文教材LOVE ENGLISH level1小班上 量大另有优惠',2,100.00,1057,160.00),(1282,'P#原版 美国小学生 英文童话故事书Alice/Pinocchio 两本 合集',1,30.00,1005,26.40),(1283,'正版Phonics kids台湾东西幼儿自然拼读发音教材1-3|现货送大礼包',1,299.00,1058,230.00),(1284,'T#正版包邮现货秒杀台湾东西图书LOVE ENGLISH全套1-6|量大可批发',1,580.00,1059,520.00),(1285,'正版台湾启蒙亲子英文《跟小小孩说英文》港台热卖含AVCD送礼包',1,415.00,1059,370.00),(1286,'正版Phonics kids台湾东西幼儿自然拼读发音教材1-3|现货送大礼包',1,299.00,1059,250.00),(1287,'Phonics kids台湾东西幼儿园自然拼读教材4-6套装正版平装秒杀！',1,359.00,1059,290.00),(1288,'Super Phonics正版台湾东西小学生自然拼读教材 全3册！送大礼包',1,305.00,1059,220.00),(1289,'G#英文I\'m a truck driver我是小小卡车司机！3-8岁小车迷必备',1,29.00,1077,27.55),(1290,'美国Macmillan 幼儿园英文教材 Finger Print 2A 适用3-6岁',1,188.00,1060,144.00),(1291,'The Legend Of Spookley 南瓜的传说 精装绘本故事',1,35.00,1080,33.25),(1292,'T#正版 台湾幼儿园英教材LOVE ENGLISH starter1 2-3岁托班',8,100.00,1154,800.00),(1293,'2010新美国朗文 小学 英语 教材Hip Hip Hooray!第1册第二版配CD',10,186.00,1066,1680.00),(1294,'Super Phonics正版台湾东西小学生自然拼读教材 全3册！送大礼包',1,305.00,1078,300.00),(1295,'正版Phonics kids台湾东西幼儿自然拼读发音教材1-3|现货送大礼包',2,299.00,1155,596.00),(1296,'Phonics kids台湾东西幼儿园自然拼读教材4-6套装正版平装秒杀！',2,359.00,1155,518.00),(1297,'TFKids美国原版Phonics分级读物Alphabet Kits幼儿园小班教材28本',2,56.00,1155,110.00),(1298,'正版台湾东西Sing and Read 3At home~幼儿园辅助教材 唱歌读故事',12,68.00,1155,816.00),(1301,'香港朗文原版小学教材Longman Welcome to English 1A 一年级上册',1,81.00,1201,81.00),(1302,'香港朗文原版小学教材Longman Welcome to English 1B 一年级下册',1,81.00,1201,81.00),(1303,'Super Phonics正版台湾东西小学生自然拼读教材 全3册！送大礼包',1,305.00,1202,305.00),(1304,'B6-趣味小火车Colours Shapes Opposites Numbers四本|送美音mp3',1,32.00,1203,32.00),(1305,'B1-幼儿英文启蒙-小小孩名家绘本1All Fall Down纸板书*独家送mp3',1,16.00,1203,16.00),(1306,'B5-强烈推荐！原版名家绘本小宝宝必备-小小孩系列二本 送美音mp3',1,29.99,1203,29.99),(1307,'G#格林威大奖作者Emily杰作(精装) Monkey and Me 4-8',1,29.00,1203,29.00),(1308,'B11-英文趣味阅读2-4岁 超可爱纸板翻翻书Bye-Bye系列三本 特价',1,9.00,1203,9.00),(1309,'B#超有趣！0-4岁英文启蒙故事书大眼睛2本合集！(鸭子蜜蜂)',1,28.00,1203,28.00),(1310,'B4小小孩名家绘本4Ten Little Fingers and Ten little Toes送mp3',1,16.00,1203,16.00),(1311,'B7-原版宝宝英文启蒙书Learning My Numbers认识数字 趣味纸板',1,9.90,1203,9.90),(1312,'B8-美国幼儿学单词的第一本书 原版Baby\'s First Snooze送美音mp3',1,16.00,1203,16.00),(1313,'H#2-四季环球旅游书 Lonely Planet: A Year of Adventure',1,59.00,1204,59.00),(1351,'香港朗文原版小学教材Longman Welcome to English 1B 一年级下册',1,81.00,1251,91.00),(1352,'正版Phonics kids台湾东西幼儿自然拼读发音教材1-3|现货送大礼包',1,299.00,1252,258.00),(1353,'T#正版 台湾幼儿园英教材LOVE ENGLISH starter1 2-3岁托班',1,100.00,1252,80.00),(1354,'T#台湾幼儿园英文启蒙教材LOVE ENGLISH starter2 2-3岁适用-托班',1,100.00,1252,80.00),(1355,'香港朗文原版小学教材Longman Welcome to English 1A 一年级上册',1,81.00,1253,70.00),(1356,'香港朗文原版小学教材Longman Welcome to English 2A 二年级上册',1,81.00,1253,70.00),(1357,'香港朗文原版小学教材Longman Welcome to English 1B 一年级下册',1,81.00,1253,70.00),(1358,'Super Phonics正版台湾东西小学生自然拼读教材 全3册！送大礼包',1,305.00,1254,305.00),(1401,'正版Phonics kids台湾东西幼儿自然拼读发音教材1-3|现货送大礼包',1,299.00,1301,230.00),(1402,'正版台湾启蒙亲子英文《跟小小孩说英文》港台热卖含AVCD送礼包',1,415.00,1302,415.00),(1403,'T#台湾幼儿园英文启蒙教材LOVE ENGLISH starter2 2-3岁适用-托班',1,100.00,1303,100.00),(1404,'T#正版 台湾幼儿园英教材LOVE ENGLISH starter1 2-3岁托班',1,100.00,1303,100.00),(1405,'正版台湾东西Phonics Kids自然拼读音幼儿园教材 1B-量大另有优惠',1,57.00,1304,45.00),(1406,'正版台湾东西Phonics Kids自然拼读音幼儿园教材1A 量大另有优惠',1,57.00,1304,45.00),(1407,'T#台湾幼儿园英文教材LOVE ENGLISH level1小班上 量大另有优惠',1,100.00,1304,80.00),(1408,'TFKids - 美国小学原版启蒙分级读物 一年级下 套装 科普类',1,60.00,1305,52.80),(1409,'Super Phonics正版台湾东西小学生自然拼读教材 全3册！送大礼包',1,305.00,1306,305.00),(1410,'soe,CD一张',1,30.00,1307,60.00),(1411,'原版美国小学英语 数学 科学综合学科英文课本SOE三年级 正版课本',1,460.00,1307,360.00),(1412,'原版美国小学课本教材Spotlight on English 四年级 正版进口课本',1,460.00,1307,360.00),(1413,'T#正版 台湾幼儿园英教材LOVE ENGLISH starter1 2-3岁托班',1,100.00,1308,100.00),(1414,'T#台湾幼儿园英文启蒙教材LOVE ENGLISH starter2 2-3岁适用-托班',1,100.00,1308,100.00),(1415,'T#正版 台湾幼儿园英教材LOVE ENGLISH starter1 2-3岁托班',1,100.00,1309,100.00),(1416,'T#台湾幼儿园英文启蒙教材LOVE ENGLISH starter2 2-3岁适用-托班',1,100.00,1309,100.00),(1451,'T#正版台湾幼儿园英文教材love english lv2 小班下3-4岁送DVD CD',1,100.00,1351,75.00),(1452,'T#进口幼儿园英文入门教材LOVE ENGLISH lv3 中班上送DVD CD正版',1,100.00,1351,75.00),(1453,'正版台湾东西Phonics Kids自然拼读音幼儿园教材1A 量大另有优惠',1,57.00,1352,57.00),(1454,'正版台湾东西Phonics Kids自然拼读音幼儿园教材 1B-量大另有优惠',1,57.00,1352,57.00),(1455,'美国Macmillan 幼儿园英文教材 Finger Print 1A 适用3-6岁',1,188.00,1352,188.00),(1456,'国外原版小学教材GetSmart四年级+练习册 另配互动式电子白板软件',1,260.00,1353,1800.00),(1457,'T#台湾幼儿园英文教材LOVE ENGLISH level1小班上 量大另有优惠',1,100.00,1354,80.00),(1458,'T#进口东西幼儿园英文入门教材love english lv4 中班下学期4-5岁',1,100.00,1355,60.00),(1459,'正版Phonics kids台湾东西幼儿自然拼读发音教材1-3|现货送大礼包',1,299.00,1356,299.00),(1460,'香港朗文1A，1B刻录CD',1,20.00,1357,17.60),(1461,'香港朗文原版小学教材Longman Welcome to English 2A 二年级上册',1,81.00,1357,70.00),(1462,'正版Phonics kids台湾东西幼儿自然拼读发音教材1-3|现货送大礼包',1,299.00,1358,254.15),(1463,'正版Phonics kids台湾东西幼儿自然拼读发音教材1-3|现货送大礼包',1,299.00,1359,299.00),(1464,'Macmillan Dictionary First Children麦克米兰儿童字典美销量No1',1,198.00,1360,198.00),(1465,'香港朗文原版小学教材Longman Welcome to English 1B 一年级下册',1,81.00,1360,81.00),(1466,'正版Phonics kids台湾东西幼儿自然拼读发音教材1-3|现货送大礼包',1,299.00,1361,254.15),(1467,'香港朗文1B pre-task',5,82.00,1362,389.50),(1468,'香港朗文原版小学教材Longman Welcome to English 1B 一年级下册',5,81.00,1363,350.00),(1469,'P#经典英文童话 A Collection of Fairy Tales for Storytime 2',1,49.00,1364,49.00),(1470,'New!SpongeBob 原版欧美《海绵宝宝》英文绘本故事书 之6 尾单书',1,19.80,1364,19.80),(1471,'P#原版 美国小学生 英文童话故事书Alice/Pinocchio 两本 合集',1,30.00,1364,30.00),(1472,'美国原版少儿分级读物Benchmark EarlyReader 1A 配CD 六一特价！',1,118.00,1365,103.84),(1473,'G#热卖绘本！亚马逊五星Do mice eat rice? 老鼠也吃米？4-8',1,23.80,1366,23.80),(1474,'K#1儿童科普阅读-著名DK出品-农场的故事-All around the farm',1,38.00,1366,38.00),(1475,'TFKids-1.3-2010美国原版科普分级读物water/land/weather三本',1,12.00,1366,12.00),(1476,'G#开发孩子想象力-太空中的下午茶-Teatime in space 3-8',1,28.00,1366,28.00),(1477,'The Legend Of Spookley 南瓜的传说 精装绘本故事',1,35.00,1366,35.00),(1478,'S#宝宝爱不释手的马戏团立体书-Circus Ring Leader Pop-Up Books',1,16.00,1366,16.00),(1479,'B5-强烈推荐！原版名家绘本小宝宝必备-小小孩系列二本 送美音mp3',1,29.99,1366,29.99),(1480,'Super Phonics正版台湾东西小学生自然拼读教材 全3册！送大礼包',1,305.00,1367,200.00),(1501,'Super Phonics 台湾东西 小学 自然拼读教材 3年级 正版',1,119.00,1401,119.00),(1502,'Super Phonics English少儿字母拼读教材 英语小学拼读1年级 正版',1,99.00,1402,99.00),(1503,'正版Phonics kids台湾东西幼儿自然拼读发音教材1-3|现货送大礼包',1,299.00,1403,299.00),(1504,'香港朗文原版小学教材Longman Welcome to English 1B 一年级下册',1,81.00,1404,81.00),(1505,'S#1-涂色书/贴纸书-The Simpsons 热播原版卡通片-辛普森的一家',1,6.00,1405,0.01),(1506,'TFKids - 美国小学原版启蒙分级读物 一年级下 套装 科普类',1,60.00,1406,300.00),(1507,'Super Phonics正版台湾东西小学生自然拼读教材 全3册！送大礼包',1,305.00,1406,250.00),(1508,'正版Phonics kids台湾东西幼儿自然拼读发音教材1-3|现货送大礼包',1,299.00,1407,299.00),(1509,'LOVE律动DVD',1,88.00,1408,88.00),(1510,'LOVE教师手册cop',1,100.00,1408,90.00),(1511,'Super Phonics English少儿字母拼读教材 英语小学拼读1年级 正版',1,99.00,1408,84.00),(1512,'T#进口幼儿园英文入门教材LOVE ENGLISH lv3 中班上送DVD CD正版',1,100.00,1408,85.00),(1513,'T#幼儿园英文教材LOVE ENGLISH level5大班上 5-6岁送DVD CD',1,100.00,1408,85.00),(1514,'正版Phonics kids台湾东西幼儿自然拼读发音教材1-3|现货送大礼包',1,299.00,1408,279.00),(1515,'T#台湾幼儿园英文教材LOVE ENGLISH level1小班上 量大另有优惠',1,100.00,1408,85.00),(1516,'T#We Sing We Play经典英文童谣教材3-6册经典好学正版带视频AVCD',1,180.00,1408,160.00),(1517,'美国原版少儿分级读物Benchmark EarlyReader 1B 配CD 六一特价！',1,118.00,1408,114.00),(1518,'正版Phonics kids台湾东西幼儿自然拼读发音教材1-3|现货送大礼包',1,299.00,1409,230.00),(1519,'原版美国小学英语 数学 科学综合学科英文课本SOE三年级 正版课本',1,460.00,1410,342.00),(1520,'香港朗文原版小学教材Longman Welcome to English 1B 一年级下册',1,81.00,1411,81.00),(1521,'Super Phonics English少儿字母拼读教材 英语小学拼读1年级 正版',1,99.00,1412,99.00),(1522,'Super Phonics English少儿字母拼读教材 英语小学拼读1年级 正版',3,99.00,1413,297.00),(1523,'TFKids - 美国小学原版启蒙分级读物 一年级下 套装 科普类',2,60.00,1414,105.60),(1524,'TFKids - 美国小学原版分级读物 二年级下 套装 科普类',1,60.00,1414,52.80),(1525,'TFKids - 美国小学原版启蒙分级读物 一年级上 套装 科普类',2,60.00,1414,105.60),(1526,'TFKids - 美国小学原版分级读物 三年级上 套装 科普类',1,60.00,1414,52.80),(1527,'T#经典英文儿歌童谣台湾东西We sing We Play 4 正版|送AVCD+mp3',1,48.00,1415,36.00),(1528,'开口说英文，1',3,75.00,1416,225.00),(1529,'美国现行综合教材 Spotlight on English 幼儿园英语课本原装正版',1,460.00,1417,580.00),(1530,'香港朗文原版小学教材Longman Welcome to English 1B 一年级下册',2,81.00,1418,162.00),(1531,'正版Phonics kids台湾东西幼儿自然拼读发音教材1-3|现货送大礼包',1,299.00,1419,254.15),(1532,'M2-宝宝英文数字启蒙 DK花边纸板书 DK My First Numbers',1,28.00,1420,24.00),(1533,'M5 Let\'s look at colors-英文原版超漂亮绘本-教宝宝认识颜色',1,29.90,1420,26.31),(1534,'M3-宝宝英文启蒙 DK花边纸板书 DK My First Farm',1,29.00,1420,25.49),(1535,'幼儿启蒙颜色 可爱立体 英文书 Curious Kitties 好奇的小猫',1,15.00,1420,13.20),(1536,'T#正版台湾幼儿园英文教材love english lv2 小班下3-4岁送DVD CD',1,100.00,1421,75.00),(1537,'正版Phonics kids台湾东西幼儿自然拼读发音教材1-3|现货送大礼包',1,299.00,1422,279.00),(1538,'Phonics kids台湾东西幼儿园自然拼读教材4-6套装正版平装秒杀！',2,359.00,1423,610.30),(1539,'Super Phonics正版台湾东西小学生自然拼读教材 全3册！送大礼包',1,305.00,1424,305.00),(1540,'2010新版美国朗文 小学 英语教材 Hip Hip Hooray! 第3册',8,186.00,1425,1038.00),(1541,'Super Phonics正版台湾东西小学生自然拼读教材 全3册！送大礼包',1,305.00,1426,305.00),(1542,'T#正版 台湾幼儿园英教材LOVE ENGLISH starter1 2-3岁托班',1,100.00,1427,100.00),(1543,'H#1原版英文漫画-Trickster: Native American Tales美洲的故事',1,69.00,1428,69.00),(1544,'H#2-四季环球旅游书 Lonely Planet: A Year of Adventure',1,59.00,1428,59.00),(1545,'H#Organisation Theory: Concepts and cases 组织管理（第五版）',1,35.00,1428,35.00),(1546,'美国现行综合教材 Spotlight on English 幼儿园英语课本原装正版',1,460.00,1429,360.00),(1547,'junpingr的订单',1,1833.00,1430,1785.00),(1548,'G#热卖绘本！亚马逊五星Do mice eat rice? 老鼠也吃米？4-8',1,23.80,1431,20.94),(1549,'we sing 1',1,45.00,1431,33.75),(1550,'Super Phonics正版台湾东西小学生自然拼读教材 全3册！送大礼包',1,305.00,1432,285.00),(1551,'love english starter1 教师手册Love English Teacher\'s Manual',1,130.00,1433,122.00),(1552,'美国Macmillan 幼儿园英文教材 Finger Print 2A 适用3-6岁',5,188.00,1434,775.00),(1553,'T# 0-1岁 宝宝英语启蒙 精选原版书籍和儿歌套餐',1,128.00,1435,128.00),(1554,'Macmillan Dictionary First Children麦克米兰儿童字典美销量No1',1,198.00,1436,198.00),(1555,'香港朗文原版小学教材Longman Welcome to English 1A 一年级上册',1,81.00,1437,163.00),(1556,'正版Phonics kids台湾东西幼儿自然拼读发音教材1-3|现货送大礼包',1,299.00,1438,299.00),(1557,'正版台湾东西Sing and Read 3At home~幼儿园辅助教材 唱歌读故事',6,68.00,1439,188.00),(1558,'美国幼儿英文教材 Macmillan出版 全套Finger Print 适用3-6岁',1,1108.00,1440,400.00),(1559,'3H新版全七册',1,1236.90,1441,1236.90),(1560,'美国幼儿英文教材 Macmillan出版 全套Finger Print 适用3-6岁',1,1108.00,1442,500.00),(1561,'poly_198108的订单',1,830.00,1443,830.00),(1562,'YIPPEE，三个年级（学生套装+白板软件+教师用书+闪卡）',1,3650.00,1444,3650.00);
/*!40000 ALTER TABLE `order_disp_item` ENABLE KEYS */;
UNLOCK TABLES;

--
-- Table structure for table `order_item`
--

DROP TABLE IF EXISTS `order_item`;
/*!40101 SET @saved_cs_client     = @@character_set_client */;
/*!40101 SET character_set_client = utf8 */;
CREATE TABLE `order_item` (
  `oid` int(11) NOT NULL,
  `order_header` int(11) NOT NULL,
  `count` int(11) NOT NULL,
  `unit_price` decimal(10,2) NOT NULL,
  `unit_cost` decimal(10,2) DEFAULT NULL,
  `book_oid` int(11) NOT NULL,
  `is_agent` int(1) DEFAULT '0',
  `sent_count` int(11) NOT NULL DEFAULT '0',
  PRIMARY KEY (`oid`),
  KEY `item_fk_po` (`order_header`),
  KEY `item_fk_book` (`book_oid`),
  CONSTRAINT `item_fk_book` FOREIGN KEY (`book_oid`) REFERENCES `profile_book` (`oid`) ON DELETE NO ACTION ON UPDATE NO ACTION,
  CONSTRAINT `item_fk_po` FOREIGN KEY (`order_header`) REFERENCES `order_common` (`oid`) ON DELETE CASCADE
) ENGINE=InnoDB DEFAULT CHARSET=utf8;
/*!40101 SET character_set_client = @saved_cs_client */;

--
-- Dumping data for table `order_item`
--

LOCK TABLES `order_item` WRITE;
/*!40000 ALTER TABLE `order_item` DISABLE KEYS */;
INSERT INTO `order_item` VALUES (19,2,2,80.00,0.00,47,0,0),(20,2,11,45.00,0.00,259,0,0),(21,2,12,45.00,0.00,52,0,0),(22,2,12,80.00,0.00,256,0,0),(23,2,7,45.00,0.00,55,0,0),(24,2,2,45.00,0.00,50,0,0),(25,2,11,45.00,0.00,257,0,0),(26,2,10,45.00,0.00,255,0,0),(27,2,6,80.00,0.00,54,0,0),(28,2,1,120.00,120.00,252,0,0),(29,2,11,80.00,0.00,254,0,0),(30,2,1,120.00,120.00,253,0,0),(31,2,2,80.00,0.00,48,0,0),(32,2,18,80.00,0.00,53,0,0),(33,2,1,150.00,0.00,260,0,0),(34,2,2,80.00,0.00,49,0,0),(35,2,12,80.00,0.00,258,0,0),(36,2,2,120.00,120.00,51,0,0),(67,2,27,45.00,NULL,38,0,0),(68,2,20,45.00,NULL,35,0,0),(69,2,24,90.00,NULL,43,0,0),(70,2,4,398.00,NULL,301,0,0),(71,2,26,30.00,NULL,29,0,0),(72,2,26,45.00,NULL,36,0,0),(73,2,27,45.00,NULL,40,0,0),(74,2,17,90.00,NULL,42,0,0),(75,2,4,30.00,NULL,33,0,0),(76,2,27,45.00,NULL,39,0,0),(77,2,3,30.00,NULL,34,0,0),(78,2,26,30.00,NULL,32,0,0),(79,2,27,45.00,NULL,37,0,0),(80,2,4,90.00,NULL,41,0,0),(81,2,7,30.00,NULL,30,0,0),(82,2,8,30.00,NULL,31,0,0),(83,2,1,200.00,NULL,3,0,0),(84,2,6,60.00,NULL,2,0,0),(85,2,1,450.00,NULL,45,0,0),(86,2,16,200.00,NULL,1,0,0),(87,2,18,60.00,NULL,302,0,0),(88,2,1,450.00,NULL,46,0,0),(89,2,11,60.00,NULL,23,0,0),(90,2,4,450.00,NULL,306,0,0),(91,2,1,60.00,NULL,303,0,0),(92,2,2,450.00,NULL,44,0,0),(93,2,4,450.00,NULL,307,0,0),(94,2,3,450.00,NULL,305,0,0),(95,2,4,450.00,NULL,304,0,0),(96,2,1,40.00,NULL,310,0,0),(97,2,61,40.00,NULL,308,0,0),(98,2,63,5.00,NULL,309,0,0),(99,2,46,5.00,NULL,312,0,0),(100,2,50,40.00,NULL,311,0,0),(101,2,3,65.00,NULL,340,0,0),(102,2,3,65.00,NULL,323,0,0),(103,2,2,65.00,NULL,344,0,0),(104,2,3,65.00,NULL,328,0,0),(105,2,3,65.00,NULL,324,0,0),(106,2,3,65.00,NULL,341,0,0),(107,2,3,65.00,NULL,321,0,0),(108,2,3,65.00,NULL,339,0,0),(109,2,4,65.00,NULL,317,0,0),(110,2,4,65.00,NULL,320,0,0),(111,2,7,65.00,NULL,345,0,0),(112,2,3,65.00,NULL,342,0,0),(113,2,3,65.00,NULL,332,0,0),(114,2,4,65.00,NULL,319,0,0),(115,2,3,65.00,NULL,314,0,0),(116,2,3,65.00,NULL,334,0,0),(117,2,3,65.00,NULL,335,0,0),(118,2,2,65.00,NULL,337,0,0),(119,2,3,65.00,NULL,331,0,0),(120,2,2,65.00,NULL,313,0,0),(121,2,3,65.00,NULL,336,0,0),(122,2,6,65.00,NULL,329,0,0),(123,2,3,65.00,NULL,315,0,0),(124,2,3,65.00,NULL,316,0,0),(125,2,3,65.00,NULL,333,0,0),(126,2,4,65.00,NULL,325,0,0),(127,2,3,65.00,NULL,322,0,0),(128,2,3,65.00,NULL,330,0,0),(129,2,3,65.00,NULL,327,0,0),(130,2,3,65.00,NULL,343,0,0),(131,2,4,65.00,NULL,318,0,0),(132,2,4,65.00,NULL,326,0,0),(133,2,2,65.00,NULL,338,0,0),(134,2,4,65.00,NULL,353,0,0),(135,2,4,65.00,NULL,354,0,0),(136,2,2,65.00,NULL,350,0,0),(137,2,3,65.00,NULL,356,0,0),(138,2,3,65.00,NULL,346,0,0),(139,2,2,65.00,NULL,349,0,0),(140,2,3,65.00,NULL,348,0,0),(141,2,3,65.00,NULL,352,0,0),(142,2,3,65.00,NULL,351,0,0),(143,2,4,65.00,NULL,355,0,0),(144,2,3,65.00,NULL,347,0,0),(145,2,5,85.00,NULL,370,0,0),(146,2,15,85.00,NULL,364,0,0),(147,2,5,85.00,NULL,371,0,0),(148,2,16,85.00,NULL,365,0,0),(149,2,3,65.00,NULL,357,0,0),(150,2,4,85.00,NULL,367,0,0),(151,2,15,40.00,NULL,360,0,0),(152,2,3,65.00,NULL,358,0,0),(153,2,5,85.00,NULL,369,0,0),(154,2,3,65.00,NULL,359,0,0),(155,2,17,40.00,NULL,363,0,0),(156,2,5,85.00,NULL,368,0,0),(157,2,7,85.00,NULL,366,0,0),(158,2,26,40.00,NULL,362,0,0),(159,2,16,40.00,NULL,361,0,0),(160,2,1,50.00,NULL,377,0,0),(161,2,6,50.00,NULL,379,0,0),(162,2,7,50.00,NULL,378,0,0),(163,2,14,30.00,NULL,373,0,0),(164,2,7,50.00,NULL,381,0,0),(165,2,7,50.00,NULL,380,0,0),(166,2,29,30.00,NULL,376,0,0),(167,2,16,30.00,NULL,372,0,0),(168,2,28,30.00,NULL,374,0,0),(169,2,7,50.00,NULL,382,0,0),(170,2,28,30.00,NULL,375,0,0),(201,2,4,68.00,NULL,413,0,0),(202,2,7,68.00,NULL,407,0,0),(203,2,1,98.00,NULL,402,0,0),(204,2,1,98.00,NULL,405,0,0),(205,2,1,98.00,NULL,403,0,0),(206,2,5,68.00,NULL,412,0,0),(207,2,5,68.00,NULL,410,0,0),(208,2,1,98.00,NULL,404,0,0),(209,2,4,98.00,NULL,401,0,0),(210,2,7,68.00,NULL,409,0,0),(211,2,6,68.00,NULL,408,0,0),(212,2,6,68.00,NULL,411,0,0),(213,2,1,68.00,NULL,406,0,0),(214,2,2,44.00,NULL,418,0,0),(215,2,1,66.00,NULL,425,0,0),(216,2,1,66.00,NULL,421,0,0),(217,2,1,44.00,NULL,424,0,0),(218,2,2,37.00,NULL,419,0,0),(219,2,1,95.00,NULL,416,0,0),(220,2,5,50.00,NULL,414,0,0),(221,2,1,66.00,NULL,422,0,0),(222,2,1,88.00,NULL,417,0,0),(223,2,3,66.00,NULL,426,0,0),(224,2,1,44.00,NULL,420,0,0),(225,2,1,44.00,NULL,423,0,0),(226,2,2,66.00,NULL,415,0,0),(227,2,18,30.00,NULL,431,0,0),(228,2,18,30.00,NULL,435,0,0),(229,2,16,30.00,NULL,428,0,0),(230,2,17,30.00,NULL,433,0,0),(231,2,17,30.00,NULL,429,0,0),(232,2,12,30.00,NULL,430,0,0),(233,2,3,30.00,NULL,427,0,0),(234,2,17,30.00,NULL,432,0,0),(235,2,18,30.00,NULL,434,0,0),(236,2,7,50.00,NULL,436,0,0),(237,2,10,50.00,NULL,441,0,0),(238,2,10,50.00,NULL,439,0,0),(239,2,7,50.00,NULL,437,0,0),(240,2,10,50.00,NULL,443,0,0),(241,2,10,50.00,NULL,442,0,0),(242,2,10,50.00,NULL,440,0,0),(243,2,4,50.00,NULL,444,0,0),(244,2,4,50.00,NULL,445,0,0),(245,2,10,50.00,NULL,438,0,0),(246,2,2,96.00,NULL,448,0,0),(247,2,2,96.00,NULL,450,0,0),(248,2,4,96.00,NULL,447,0,0),(249,2,2,96.00,NULL,451,0,0),(250,2,1,96.00,NULL,449,0,0),(251,2,2,96.00,NULL,446,0,0),(252,2,4,10.00,NULL,454,0,0),(253,2,8,55.00,NULL,65,0,0),(254,2,9,10.00,NULL,66,0,0),(255,2,1,55.00,NULL,70,0,0),(256,2,12,55.00,NULL,60,0,0),(257,2,11,10.00,NULL,68,0,0),(258,2,18,55.00,NULL,62,0,0),(259,2,3,55.00,NULL,63,0,0),(260,2,11,55.00,NULL,59,0,0),(261,2,23,55.00,NULL,64,0,0),(262,2,12,10.00,NULL,67,0,0),(263,2,1,10.00,NULL,69,0,0),(264,2,21,10.00,NULL,61,0,0),(265,2,3,55.00,NULL,453,0,0),(266,2,1,102.00,NULL,452,0,0),(267,2,1,102.00,NULL,58,0,0),(268,2,9,78.00,NULL,479,0,0),(269,2,2,85.00,NULL,456,0,0),(270,2,3,58.00,NULL,462,0,0),(271,2,3,58.00,NULL,470,0,0),(272,2,6,48.00,NULL,478,0,0),(273,2,2,58.00,NULL,467,0,0),(274,2,1,48.00,NULL,480,0,0),(275,2,2,48.00,NULL,472,0,0),(276,2,2,85.00,NULL,457,0,0),(277,2,2,58.00,NULL,464,0,0),(278,2,7,330.00,NULL,455,0,0),(279,2,1,48.00,NULL,476,0,0),(280,2,3,58.00,NULL,469,0,0),(281,2,2,48.00,NULL,477,0,0),(282,2,1,48.00,NULL,473,0,0),(283,2,2,58.00,NULL,463,0,0),(284,2,2,120.00,NULL,460,0,0),(285,2,1,48.00,NULL,475,0,0),(286,2,5,128.00,NULL,459,0,0),(287,2,2,58.00,NULL,466,0,0),(288,2,3,58.00,NULL,465,0,0),(289,2,2,58.00,NULL,468,0,0),(290,2,2,58.00,NULL,461,0,0),(291,2,1,48.00,NULL,481,0,0),(292,2,2,85.00,NULL,458,0,0),(293,2,2,48.00,NULL,471,0,0),(294,2,1,48.00,NULL,474,0,0),(315,53,11,92.50,0.00,43,0,0),(316,53,14,92.50,0.00,42,0,0),(317,53,2,50.00,0.00,443,0,0),(318,53,3,50.00,0.00,440,0,0),(319,53,4,50.00,0.00,437,0,0),(320,53,3,50.00,0.00,441,0,0),(321,53,7,50.00,0.00,438,0,0),(322,53,4,50.00,0.00,436,0,0),(323,53,6,50.00,0.00,442,0,0),(324,53,7,50.00,0.00,439,0,0),(325,53,47,200.00,NULL,1,0,0),(326,53,1,60.00,NULL,2,0,0),(327,53,5,60.00,NULL,13,0,0),(328,53,7,398.00,NULL,301,0,0),(329,53,11,60.00,NULL,302,0,0),(330,53,8,60.00,NULL,10,0,0),(331,53,19,200.00,NULL,251,0,0),(332,53,8,60.00,NULL,9,0,0),(333,53,2,60.00,NULL,7,0,0),(334,53,3,60.00,NULL,12,0,0),(335,53,2,60.00,NULL,6,0,0),(336,53,30,200.00,NULL,11,0,0),(337,53,25,200.00,NULL,14,0,0),(338,53,27,200.00,NULL,5,0,0),(339,53,152,40.00,NULL,362,0,0),(340,53,161,40.00,NULL,363,0,0),(341,53,196,40.00,NULL,361,0,0),(342,53,47,30.00,NULL,29,0,0),(343,53,58,45.00,NULL,39,0,0),(344,53,61,45.00,NULL,38,0,0),(345,53,52,30.00,NULL,34,0,0),(346,53,106,45.00,NULL,35,0,0),(347,53,64,30.00,NULL,33,0,0),(348,53,104,45.00,NULL,36,0,0),(349,53,193,40.00,NULL,360,0,0),(350,53,47,30.00,NULL,32,0,0),(351,53,68,30.00,NULL,30,0,0),(352,53,59,45.00,NULL,37,0,0),(353,53,62,30.00,NULL,31,0,0),(354,53,60,45.00,NULL,40,0,0),(355,53,10,230.00,NULL,482,0,0),(356,53,2,200.00,NULL,483,0,0),(401,101,5,120.00,0.00,460,0,0),(402,101,19,330.00,330.00,455,0,0),(403,101,1,200.00,200.00,483,0,0),(404,101,19,45.00,45.00,40,0,0),(405,101,17,45.00,45.00,39,0,0),(406,101,12,30.00,NULL,34,0,0),(407,101,17,45.00,NULL,38,0,0),(408,101,18,45.00,NULL,37,0,0),(425,101,1,265.00,NULL,103,0,0),(426,101,2,265.00,NULL,106,0,0),(427,101,1,90.00,NULL,42,0,0),(428,101,2,30.00,NULL,32,0,0),(429,101,1,265.00,NULL,101,0,0),(430,101,3,265.00,NULL,105,0,0),(431,101,1,265.00,NULL,102,0,0),(432,101,1,90.00,NULL,43,0,0),(433,101,5,30.00,NULL,31,0,0),(434,101,11,30.00,NULL,30,0,0),(435,101,1,90.00,NULL,41,0,0),(436,101,1,265.00,NULL,104,0,0),(437,101,13,30.00,NULL,29,0,0),(438,101,2,45.00,NULL,36,0,0),(439,101,2,30.00,NULL,33,0,0),(440,101,2,45.00,NULL,35,0,0),(441,101,1,120.00,NULL,25,0,0),(442,101,1,98.00,NULL,371,0,0),(443,101,1,98.00,NULL,367,0,0),(444,101,1,60.00,NULL,2,0,0),(445,101,1,320.00,NULL,8,0,0),(446,101,1,48.00,NULL,343,0,0),(447,101,2,35.00,NULL,362,0,0),(448,101,1,320.00,NULL,16,0,0),(449,101,1,85.00,NULL,328,0,0),(450,101,1,85.00,NULL,317,0,0),(451,101,1,120.00,NULL,201,0,0),(452,101,2,200.00,NULL,1,0,0),(453,101,3,48.00,NULL,329,0,0),(454,101,2,35.00,NULL,361,0,0),(455,101,1,200.00,NULL,3,0,0),(456,101,1,85.00,NULL,342,0,0),(457,101,1,35.00,NULL,366,0,0),(458,101,1,120.00,NULL,158,0,0),(459,101,1,320.00,NULL,15,0,0),(460,101,1,85.00,NULL,341,0,0),(461,101,2,35.00,NULL,363,0,0),(462,101,2,35.00,NULL,360,0,0),(463,101,1,120.00,NULL,28,0,0),(464,101,2,120.00,NULL,26,0,0),(465,101,1,85.00,NULL,318,0,0),(466,101,2,120.00,NULL,27,0,0),(467,101,1,60.00,NULL,4,0,0),(468,101,1,85.00,NULL,319,0,0),(469,101,1,98.00,NULL,370,0,0),(470,101,1,85.00,NULL,327,0,0),(471,101,1,450.00,NULL,44,0,0),(472,101,1,450.00,NULL,45,0,0),(473,101,1,450.00,NULL,46,0,0),(528,101,1,50.00,NULL,378,0,0),(529,101,1,45.00,NULL,52,0,0),(530,101,1,80.00,NULL,53,0,0),(531,101,1,80.00,NULL,49,0,0),(532,101,2,95.00,NULL,509,0,0),(533,101,2,48.00,NULL,510,0,0),(534,101,1,80.00,NULL,48,0,0),(535,101,1,55.00,NULL,453,0,0),(536,101,1,44.00,NULL,420,0,0),(537,101,1,180.00,NULL,505,0,0),(538,101,1,50.00,NULL,377,0,0),(539,101,1,42.00,NULL,503,0,0),(540,101,1,95.00,NULL,506,0,0),(541,101,1,48.00,NULL,512,0,0),(542,101,1,55.00,NULL,70,0,0),(543,101,3,95.00,NULL,416,0,0),(544,101,1,108.00,NULL,58,0,0),(545,101,1,50.00,NULL,380,0,0),(546,101,1,66.00,NULL,426,0,0),(547,101,1,48.00,NULL,471,0,0),(548,101,1,180.00,NULL,501,0,0),(549,101,3,10.00,NULL,61,0,0),(550,101,1,55.00,NULL,65,0,0),(551,101,1,95.00,NULL,507,0,0),(552,101,1,108.00,NULL,56,0,0),(553,101,1,108.00,NULL,57,0,0),(554,101,1,10.00,NULL,69,0,0),(555,101,1,50.00,NULL,382,0,0),(556,101,2,48.00,NULL,477,0,0),(557,101,1,50.00,NULL,414,0,0),(558,101,1,48.00,NULL,473,0,0),(559,101,1,48.00,NULL,511,0,0),(560,101,1,48.00,NULL,474,0,0),(561,101,1,88.00,NULL,417,0,0),(562,101,1,0.00,NULL,68,0,0),(563,101,2,44.00,NULL,504,0,0),(564,101,1,165.00,NULL,51,0,0),(565,101,1,55.00,NULL,60,0,0),(566,101,1,45.00,NULL,50,0,0),(567,101,1,50.00,NULL,379,0,0),(568,101,1,80.00,NULL,47,0,0),(569,101,3,55.00,NULL,62,0,0),(570,101,1,55.00,NULL,453,0,0),(571,101,1,45.00,NULL,54,0,0),(572,101,1,95.00,NULL,508,0,0),(573,101,1,48.00,NULL,513,0,0),(574,101,1,10.00,NULL,66,0,0),(575,101,1,66.00,NULL,425,0,0),(576,101,1,88.00,NULL,502,0,0),(577,101,1,10.00,NULL,59,0,0),(578,101,1,50.00,NULL,381,0,0),(579,101,1,10.00,NULL,67,0,0),(580,101,1,55.00,NULL,64,0,0),(581,101,1,45.00,NULL,55,0,0),(582,101,2,60.00,NULL,152,0,0),(583,101,3,60.00,NULL,157,0,0),(584,101,2,60.00,NULL,153,0,0),(585,101,1,60.00,NULL,154,0,0),(586,101,2,60.00,NULL,151,0,0),(587,101,2,60.00,NULL,156,0,0),(588,101,3,60.00,NULL,155,0,0),(601,101,1,37.50,NULL,435,0,0),(602,101,1,37.50,NULL,430,0,0),(603,101,1,37.50,NULL,432,0,0),(604,101,1,37.50,NULL,428,0,0),(605,101,1,37.50,NULL,429,0,0),(606,101,1,37.50,NULL,431,0,0),(607,101,1,50.00,NULL,436,0,0),(608,101,1,37.50,NULL,434,0,0),(609,101,1,50.00,NULL,437,0,0),(610,101,1,37.50,NULL,433,0,0),(611,101,1,37.50,NULL,427,0,0),(612,101,1,30.00,NULL,374,0,0),(613,101,2,68.00,NULL,408,0,0),(614,101,1,68.00,NULL,409,0,0),(615,101,1,68.00,NULL,413,0,0),(616,101,1,98.00,NULL,402,0,0),(617,101,1,68.00,NULL,411,0,0),(618,101,1,68.00,NULL,406,0,0),(619,101,1,68.00,NULL,407,0,0),(620,101,1,98.00,NULL,403,0,0),(651,2,5,180.00,NULL,24,0,0),(652,151,15,60.00,60.00,64,0,0),(653,151,10,60.00,60.00,453,0,0),(654,151,10,5.00,NULL,61,0,0),(655,151,20,5.00,NULL,454,0,0),(656,151,10,60.00,NULL,70,0,0),(657,151,20,60.00,NULL,63,0,0),(658,151,10,5.00,NULL,69,0,0),(659,151,1,60.00,NULL,65,0,0),(660,151,10,60.00,NULL,62,0,0),(661,151,1,5.00,NULL,66,0,0),(662,151,2,104.00,NULL,651,0,0),(663,151,2,104.00,NULL,58,0,0),(664,151,2,104.00,NULL,56,0,0),(665,151,2,104.00,NULL,452,0,0),(666,151,2,104.00,NULL,57,0,0),(667,151,2,104.00,NULL,652,0,0),(701,203,1,57.00,NULL,33,0,1),(702,203,1,57.00,NULL,34,0,1),(703,201,1,70.00,NULL,362,0,1),(704,202,1,81.00,NULL,360,0,1),(705,206,1,75.00,NULL,64,0,1),(751,265,1,81.00,NULL,361,0,1),(752,260,1,365.00,NULL,455,0,1),(754,258,4,80.00,NULL,63,0,4),(755,271,3,69.00,NULL,35,0,0),(756,261,3,65.00,NULL,363,0,0),(757,255,1,100.00,NULL,64,0,1),(758,259,3,65.00,NULL,361,0,0),(759,271,3,69.00,NULL,36,0,0),(760,271,5,57.00,NULL,31,0,0),(762,269,1,81.00,NULL,360,0,1),(763,268,14,70.00,NULL,361,0,14),(764,271,5,57.00,NULL,32,0,0),(801,303,1,100.00,NULL,64,0,1),(851,353,1,45.00,NULL,29,0,1),(852,351,1,40.00,NULL,33,0,1),(853,356,1,80.00,NULL,64,0,1),(854,351,1,40.00,NULL,31,0,1),(855,351,1,40.00,NULL,32,0,1),(856,353,1,75.00,NULL,64,0,1),(857,354,1,81.00,NULL,362,0,1),(858,351,1,40.00,NULL,34,0,1),(902,252,1,350.00,NULL,1,0,0),(951,402,1,75.00,NULL,64,0,1),(957,409,1,75.00,NULL,453,0,1),(958,409,1,75.00,NULL,64,0,1),(1001,512,1,5.00,NULL,69,0,1),(1002,512,1,5.00,NULL,67,0,1),(1003,512,1,50.00,NULL,29,0,1),(1004,512,1,5.00,NULL,61,0,1),(1005,512,1,50.00,NULL,32,0,1),(1006,512,1,70.00,NULL,70,0,1),(1007,512,1,5.00,NULL,454,0,1),(1008,512,1,60.00,NULL,36,0,1),(1009,512,1,90.00,NULL,65,0,1),(1010,512,1,60.00,NULL,39,0,1),(1011,512,1,150.00,NULL,60,0,1),(1012,512,1,60.00,NULL,35,0,1),(1013,512,1,70.00,NULL,64,0,1),(1014,512,1,50.00,NULL,30,0,1),(1015,512,1,50.00,NULL,34,0,1),(1016,512,1,60.00,NULL,37,0,1),(1017,512,1,60.00,NULL,38,0,1),(1018,512,1,70.00,NULL,63,0,1),(1019,512,1,120.00,NULL,59,0,1),(1020,512,1,50.00,NULL,31,0,1),(1021,512,1,70.00,NULL,62,0,1),(1022,512,1,50.00,NULL,33,0,1),(1023,512,1,70.00,NULL,453,0,1),(1024,512,1,5.00,NULL,68,0,1),(1025,512,1,60.00,NULL,40,0,1),(1026,512,1,5.00,NULL,66,0,1),(1027,508,1,65.00,NULL,312,0,0),(1028,508,1,60.00,NULL,310,0,0),(1029,508,1,5.00,NULL,311,0,0),(1030,508,1,60.00,NULL,308,0,0),(1031,508,1,5.00,NULL,751,0,0),(1032,508,1,5.00,NULL,309,0,0),(1033,511,1,6.00,NULL,55,0,1),(1034,511,1,170.00,NULL,54,0,1),(1035,513,1,100.00,NULL,310,0,0),(1036,513,1,1.00,NULL,751,0,0),(1037,514,1,80.00,NULL,311,0,0),(1038,514,1,80.00,NULL,308,0,0),(1039,514,1,5.00,NULL,309,0,0),(1040,514,1,8.00,NULL,312,0,0),(1041,505,2,70.00,NULL,320,0,2),(1042,505,2,85.00,NULL,361,0,2),(1051,453,1,81.00,NULL,361,0,1),(1052,453,1,81.00,NULL,360,0,1),(1101,454,2,90.00,NULL,65,0,1),(1102,454,1,5.00,NULL,67,0,0),(1103,454,1,90.00,NULL,59,0,0),(1104,454,2,5.00,NULL,66,0,1),(1105,410,1,83.00,NULL,361,0,1),(1106,410,1,90.00,NULL,365,0,1),(1107,410,1,90.00,NULL,369,0,1),(1108,455,1,400.00,NULL,455,0,1),(1109,455,1,100.00,NULL,64,0,1),(1110,406,1,100.00,NULL,310,0,0),(1111,406,1,5.00,NULL,312,0,0),(1112,406,1,5.00,NULL,309,0,0),(1113,406,1,100.00,NULL,311,0,0),(1114,406,1,90.00,NULL,308,0,0),(1115,406,1,5.00,NULL,751,0,0),(1116,507,1,100.00,NULL,64,0,1),(1117,506,1,57.00,NULL,30,0,1),(1118,501,1,57.00,NULL,29,0,1),(1119,407,1,60.00,NULL,39,0,0),(1120,407,1,60.00,NULL,36,0,0),(1121,407,1,60.00,NULL,40,0,0),(1122,407,1,60.00,NULL,38,0,0),(1123,407,1,60.00,NULL,37,0,0),(1124,407,1,59.00,NULL,35,0,0),(1125,401,1,0.00,NULL,61,0,1),(1126,401,1,5.00,NULL,62,0,1),(1127,403,6,80.00,NULL,63,0,6),(1128,403,6,5.00,NULL,454,0,6),(1129,405,2,5.50,NULL,454,0,2),(1130,405,5,5.00,NULL,69,0,5),(1131,405,2,90.00,NULL,63,0,2),(1132,405,5,80.00,NULL,70,0,5),(1133,301,1,350.00,NULL,11,0,1),(1134,301,1,350.00,NULL,14,0,1),(1135,301,1,50.00,NULL,10,0,1),(1136,301,1,350.00,NULL,251,0,1),(1137,301,1,50.00,NULL,9,0,1),(1138,301,1,350.00,NULL,5,0,1),(1139,301,1,350.00,NULL,1,0,1),(1140,352,1,5.00,NULL,68,0,1),(1141,352,1,100.00,NULL,62,0,1),(1142,352,1,5.00,NULL,454,0,1),(1143,352,1,100.00,NULL,59,0,1),(1144,352,1,5.00,NULL,66,0,1),(1145,352,1,5.00,NULL,61,0,1),(1146,352,1,75.00,NULL,65,0,1),(1147,352,1,50.00,NULL,33,0,1),(1148,352,1,50.00,NULL,32,0,1),(1149,352,1,50.00,NULL,29,0,1),(1150,352,1,50.00,NULL,34,0,1),(1151,352,1,5.00,NULL,69,0,1),(1152,352,1,100.00,NULL,60,0,1),(1153,352,1,50.00,NULL,31,0,1),(1154,352,1,50.00,NULL,30,0,1),(1155,352,1,74.00,NULL,63,0,1),(1156,352,1,5.00,NULL,67,0,1),(1157,352,1,100.00,NULL,70,0,1),(1158,303,1,50.00,NULL,32,0,1),(1159,303,1,49.00,NULL,29,0,1),(1160,303,1,50.00,NULL,33,0,1),(1161,303,1,50.00,NULL,30,0,1),(1162,303,1,50.00,NULL,31,0,1),(1163,303,1,50.00,NULL,34,0,1),(1164,355,1,150.40,NULL,450,0,1),(1165,304,1,120.00,NULL,552,0,0),(1166,404,1,688.00,NULL,301,0,1),(1201,252,1,10.00,NULL,801,0,0),(1202,275,1,5.00,NULL,309,0,0),(1203,275,1,5.00,NULL,751,0,0),(1204,275,1,100.00,NULL,310,0,0),(1205,275,1,5.00,NULL,312,0,0),(1206,275,1,90.00,NULL,308,0,0),(1207,275,1,100.00,NULL,311,0,0),(1251,270,1,50.00,NULL,31,0,1),(1252,270,1,40.00,NULL,29,0,1),(1253,270,1,40.00,NULL,30,0,1),(1254,270,1,50.00,NULL,34,0,1),(1255,270,1,50.00,NULL,33,0,1),(1256,270,1,50.00,NULL,32,0,1),(1257,257,1,65.00,NULL,443,0,0),(1258,257,1,65.00,NULL,441,0,0),(1259,257,1,50.00,NULL,34,0,0),(1260,257,1,65.00,NULL,437,0,0),(1261,257,1,60.00,NULL,39,0,0),(1262,257,1,50.00,NULL,30,0,0),(1263,257,1,65.00,NULL,442,0,0),(1264,257,1,60.00,NULL,38,0,0),(1265,257,1,65.00,NULL,440,0,0),(1266,257,1,60.00,NULL,36,0,0),(1267,257,1,65.00,NULL,439,0,0),(1268,257,1,50.00,NULL,33,0,0),(1269,257,1,50.00,NULL,31,0,0),(1270,257,1,65.00,NULL,444,0,0),(1271,257,1,65.00,NULL,438,0,0),(1272,257,1,50.00,NULL,29,0,0),(1273,257,1,65.00,NULL,445,0,0),(1274,257,1,65.00,NULL,436,0,0),(1275,257,1,60.00,NULL,35,0,0),(1276,257,1,60.00,NULL,40,0,0),(1277,257,1,50.00,NULL,32,0,0),(1278,257,1,60.00,NULL,37,0,0),(1279,266,1,50.00,NULL,30,0,1),(1280,266,1,50.00,NULL,31,0,1),(1281,266,1,49.00,NULL,29,0,1),(1282,266,1,50.00,NULL,33,0,1),(1283,266,1,50.00,NULL,34,0,1),(1284,266,1,50.00,NULL,32,0,1),(1285,262,1,5.00,NULL,470,0,1),(1286,262,1,80.00,NULL,469,0,1),(1287,263,1,360.00,NULL,14,0,0),(1288,263,1,360.00,NULL,251,0,0),(1289,263,1,360.00,NULL,5,0,0),(1290,263,1,100.00,NULL,10,0,0),(1291,263,1,360.00,NULL,11,0,0),(1292,263,1,100.00,NULL,9,0,0),(1293,263,1,360.00,NULL,1,0,0),(1294,273,1,60.00,NULL,38,0,1),(1295,273,1,60.00,NULL,40,0,1),(1296,273,1,60.00,NULL,37,0,1),(1297,273,1,59.00,NULL,35,0,1),(1298,273,1,60.00,NULL,39,0,1),(1299,273,1,60.00,NULL,36,0,1),(1300,254,1,50.00,NULL,34,0,1),(1301,254,1,50.00,NULL,33,0,1),(1302,254,1,50.00,NULL,31,0,1),(1303,254,1,49.00,NULL,29,0,1),(1304,254,1,50.00,NULL,30,0,1),(1305,254,1,50.00,NULL,32,0,1),(1306,264,1,74.00,NULL,479,0,1),(1307,204,2,260.00,NULL,414,0,2),(1308,272,1,90.00,NULL,308,0,1),(1309,272,1,100.00,NULL,311,0,0),(1310,272,1,5.00,NULL,751,0,0),(1311,272,1,5.00,NULL,312,0,1),(1312,272,1,5.00,NULL,309,0,1),(1313,272,1,100.00,NULL,310,0,0),(1314,251,1,360.00,NULL,1,0,1),(1315,251,1,50.00,NULL,2,0,0),(1316,251,1,50.00,NULL,302,0,0),(1351,551,2,170.00,170.00,852,0,0),(1352,551,1,150.00,150.00,851,0,0),(1401,604,1,5.00,NULL,751,0,0),(1402,604,1,65.00,NULL,311,0,0),(1403,604,1,5.00,NULL,312,0,0),(1404,604,1,60.00,NULL,308,0,0),(1405,603,1,81.00,NULL,361,0,1),(1406,604,1,5.00,NULL,309,0,0),(1407,604,1,60.00,NULL,310,0,0),(1408,602,1,120.00,NULL,406,0,1),(1409,605,5,77.90,NULL,320,0,0),(1410,601,1,25.00,NULL,55,0,1),(1411,601,1,151.00,NULL,54,0,1),(1412,504,1,0.00,NULL,802,0,1),(1413,504,1,380.00,NULL,601,0,1),(1451,651,1,20.00,NULL,69,0,1),(1452,651,1,50.00,NULL,60,0,1),(1453,651,1,50.00,NULL,68,0,1),(1454,651,1,30.00,NULL,66,0,1),(1455,651,1,50.00,NULL,65,0,1),(1456,651,1,50.00,NULL,59,0,1),(1457,651,1,50.00,NULL,70,0,1),(1458,651,1,50.00,NULL,67,0,1),(1459,653,1,60.00,NULL,40,0,1),(1460,653,1,60.00,NULL,37,0,1),(1461,653,1,49.00,NULL,30,0,1),(1462,653,1,49.00,NULL,29,0,1),(1463,653,1,50.00,NULL,33,0,1),(1464,653,1,60.00,NULL,39,0,1),(1465,652,1,50.00,NULL,30,0,1),(1466,652,1,50.00,NULL,32,0,1),(1467,652,1,40.00,NULL,29,0,1),(1468,652,1,40.00,NULL,33,0,1),(1469,652,1,50.00,NULL,34,0,1),(1470,653,1,50.00,NULL,31,0,1),(1471,653,1,50.00,NULL,32,0,1),(1472,653,1,60.00,NULL,38,0,1),(1473,653,1,60.00,NULL,36,0,1),(1474,653,1,50.00,NULL,34,0,1),(1475,652,1,40.00,NULL,31,0,1),(1476,653,1,60.00,NULL,35,0,1),(1501,654,1,65.00,NULL,434,0,1),(1502,654,1,65.00,NULL,435,0,1),(1551,752,1,50.00,NULL,31,0,1),(1552,752,1,50.00,NULL,32,0,1),(1553,752,1,50.00,NULL,30,0,1),(1554,752,1,50.00,NULL,33,0,1),(1555,752,1,50.00,NULL,34,0,1),(1556,752,1,49.00,NULL,29,0,1),(1601,801,2,80.00,NULL,454,0,2),(1602,805,1,100.00,NULL,64,0,1),(1603,801,2,8.00,NULL,63,0,2),(1604,807,1,90.00,NULL,59,0,1),(1605,807,1,91.25,NULL,453,0,1),(1606,807,1,1.25,NULL,61,0,1),(1607,807,1,1.25,NULL,68,0,1),(1608,807,1,90.00,NULL,62,0,1),(1609,807,1,1.25,NULL,66,0,1),(1610,807,1,90.00,NULL,65,0,1),(1611,807,1,1.25,NULL,67,0,1),(1612,807,1,90.00,NULL,60,0,1),(1613,807,1,1.25,NULL,69,0,1),(1614,807,1,90.00,NULL,63,0,1),(1615,807,1,1.25,NULL,454,0,1),(1616,807,1,91.25,NULL,64,0,1),(1617,807,1,90.00,NULL,70,0,1),(1651,807,1,42.50,NULL,375,0,1),(1652,807,1,42.50,NULL,374,0,1),(1653,807,1,42.50,NULL,373,0,1),(1654,807,1,42.50,NULL,376,0,1),(1655,751,1,77.00,NULL,479,0,2),(1656,753,1,16.00,NULL,953,0,2),(1657,804,1,29.00,NULL,921,0,2),(1658,804,1,16.00,NULL,954,0,2),(1659,804,1,23.80,NULL,906,0,2),(1660,806,1,50.00,NULL,303,0,1),(1661,806,1,50.00,NULL,23,0,1),(1662,806,1,360.00,NULL,24,0,1),(1663,806,1,30.00,NULL,802,0,1),(1664,802,1,14.00,NULL,984,0,0),(1665,802,1,14.00,NULL,986,0,0),(1666,802,1,14.00,NULL,983,0,0),(1667,802,1,14.00,NULL,939,0,0),(1668,802,1,14.00,NULL,980,0,0),(1669,802,1,14.00,NULL,979,0,0),(1670,802,1,14.00,NULL,987,0,0),(1671,802,1,14.00,NULL,978,0,0),(1672,704,1,59.00,NULL,1001,0,1),(1673,702,1,28.00,NULL,971,0,2),(1674,701,1,59.00,NULL,938,0,2),(1701,851,1,50.00,NULL,33,0,1),(1702,851,1,50.00,NULL,30,0,1),(1703,851,1,49.00,NULL,29,0,1),(1704,851,1,50.00,NULL,32,0,1),(1705,851,1,50.00,NULL,31,0,1),(1706,851,1,50.00,NULL,34,0,1),(1751,305,1,19.00,NULL,1051,0,1),(1752,303,1,135.00,NULL,1052,0,1),(1753,302,1,29.00,NULL,947,0,1),(1754,302,1,15.00,NULL,1053,0,1),(1755,301,1,130.00,NULL,605,0,1),(1756,301,1,120.00,NULL,551,0,1),(1757,301,1,130.00,NULL,606,0,1),(1758,301,1,130.00,NULL,603,0,1),(1759,301,1,130.00,NULL,602,0,1),(1760,301,1,120.00,NULL,552,0,1),(1761,301,1,130.00,NULL,604,0,1),(1762,452,1,50.00,NULL,429,0,1),(1763,452,1,50.00,NULL,428,0,1),(1764,452,1,50.00,NULL,434,0,1),(1765,452,1,50.00,NULL,427,0,1),(1766,452,1,50.00,NULL,435,0,1),(1767,452,1,50.00,NULL,432,0,1),(1768,452,1,50.00,NULL,431,0,1),(1769,452,1,50.00,NULL,433,0,1),(1770,452,1,50.00,NULL,430,0,1),(1771,402,1,13.70,NULL,958,0,1),(1772,402,1,13.20,NULL,959,0,1),(1773,409,1,13.20,NULL,917,0,1),(1774,409,1,14.08,NULL,953,0,1),(1775,409,1,10.52,NULL,1054,0,1),(1776,503,1,14.00,NULL,917,0,1),(1777,503,1,14.00,NULL,916,0,0),(1778,510,1,260.00,NULL,414,0,1),(1779,509,1,0.01,NULL,953,0,1),(1780,509,1,0.00,NULL,954,0,1),(1781,703,1,29.90,NULL,1055,0,2),(1782,754,1,28.00,NULL,1056,0,2),(1801,402,1,16.00,NULL,953,0,1),(1802,402,1,10.39,NULL,954,0,1),(1803,305,1,16.00,NULL,939,0,1),(1804,305,1,16.00,NULL,987,0,1),(1805,305,1,16.00,NULL,978,0,1),(1806,305,1,16.00,NULL,979,0,1),(1851,902,1,49.83,NULL,30,0,1),(1852,906,1,43.33,NULL,39,0,1),(1853,906,1,38.33,NULL,30,0,1),(1854,902,1,49.83,NULL,31,0,1),(1855,906,1,38.35,NULL,34,0,1),(1856,903,1,49.83,NULL,29,0,1),(1857,905,1,415.00,NULL,455,0,1),(1858,902,1,49.83,NULL,29,0,1),(1859,908,1,46.67,NULL,31,0,1),(1860,908,1,46.67,NULL,33,0,1),(1861,908,1,46.65,NULL,34,0,1),(1862,903,1,49.83,NULL,30,0,1),(1863,906,1,43.35,NULL,40,0,1),(1864,906,1,38.33,NULL,32,0,1),(1865,906,1,38.33,NULL,29,0,1),(1866,903,1,49.83,NULL,32,0,1),(1867,908,1,46.67,NULL,32,0,1),(1868,902,1,100.00,NULL,64,0,1),(1869,906,1,38.33,NULL,33,0,1),(1870,906,1,43.33,NULL,37,0,1),(1871,903,1,49.85,NULL,34,0,1),(1872,902,1,49.83,NULL,32,0,1),(1873,902,1,49.83,NULL,33,0,1),(1874,906,1,43.33,NULL,38,0,1),(1875,903,1,49.83,NULL,33,0,1),(1876,906,1,38.33,NULL,31,0,1),(1877,908,1,46.67,NULL,29,0,1),(1878,903,1,49.83,NULL,31,0,1),(1879,908,1,46.67,NULL,30,0,1),(1880,902,1,49.85,NULL,34,0,1),(1881,906,1,43.33,NULL,35,0,1),(1882,906,1,43.33,NULL,36,0,1),(1883,910,1,380.00,NULL,455,0,1),(1884,910,1,85.00,NULL,453,0,1),(1885,911,1,63.49,NULL,311,0,1),(1886,911,1,63.49,NULL,310,0,1),(1887,911,1,3.19,NULL,751,0,1),(1888,911,1,3.17,NULL,312,0,1),(1889,910,1,40.00,NULL,30,0,1),(1890,910,1,40.00,NULL,29,0,1),(1891,910,1,85.00,NULL,64,0,1),(1892,911,1,63.49,NULL,308,0,1),(1893,909,1,81.00,NULL,361,0,1),(1894,911,1,3.17,NULL,309,0,1),(1895,910,1,60.00,NULL,427,0,1),(1896,910,1,120.00,NULL,406,0,1),(1897,907,1,65.00,NULL,444,0,1),(1898,907,1,65.00,NULL,441,0,1),(1899,907,1,65.00,NULL,445,0,1),(1900,907,1,65.00,NULL,436,0,1),(1901,907,1,65.00,NULL,438,0,1),(1902,907,1,65.00,NULL,440,0,1),(1903,907,1,65.00,NULL,442,0,1),(1904,907,1,65.00,NULL,439,0,1),(1905,907,1,65.00,NULL,437,0,1),(1906,907,1,65.00,NULL,443,0,1),(1907,902,1,65.00,NULL,442,0,1),(1908,902,1,65.00,NULL,436,0,1),(1909,902,1,65.00,NULL,438,0,1),(1910,902,1,65.00,NULL,445,0,1),(1911,902,1,65.00,NULL,444,0,1),(1912,902,1,65.00,NULL,441,0,1),(1913,902,1,65.00,NULL,439,0,1),(1914,902,1,65.00,NULL,443,0,1),(1915,902,1,65.00,NULL,437,0,1),(1916,902,1,65.00,NULL,440,0,1),(1917,901,1,48.00,NULL,375,0,1),(1918,904,1,184.65,NULL,451,0,1),(1919,904,1,184.67,NULL,449,0,1),(1920,904,1,184.67,NULL,447,0,1),(1921,904,1,184.67,NULL,450,0,1),(1922,904,1,184.67,NULL,448,0,1),(1923,904,1,184.67,NULL,446,0,1),(1951,205,30,65.00,NULL,360,0,30),(1952,205,30,65.00,NULL,361,0,30),(1953,906,1,44.00,NULL,428,0,1),(1954,906,1,44.00,NULL,433,0,1),(1955,906,1,44.00,NULL,431,0,1),(1956,906,1,44.00,NULL,434,0,1),(1957,906,1,44.00,NULL,435,0,1),(1958,906,1,44.00,NULL,437,0,1),(1959,906,1,44.00,NULL,429,0,1),(1960,906,1,44.00,NULL,432,0,1),(1961,906,1,44.00,NULL,430,0,1),(1962,906,1,44.00,NULL,427,0,1),(1963,274,1,10.00,NULL,914,0,1),(2001,258,4,5.00,NULL,454,0,4),(2002,502,1,400.00,NULL,1153,0,1),(2003,502,1,380.00,NULL,1151,0,1),(2051,502,1,100.00,NULL,1152,0,0),(2052,452,1,50.00,NULL,437,0,1),(2101,951,10,48.00,23.00,424,0,0),(2102,951,10,70.00,34.00,425,0,0),(2103,951,10,70.00,34.00,421,0,0),(2104,951,10,48.00,23.00,1203,0,0),(2105,951,10,48.00,23.00,1202,0,0),(2106,951,10,48.00,23.00,423,0,0),(2107,951,10,48.00,23.00,418,0,0),(2108,951,3,105.00,0.00,416,0,0),(2109,951,10,70.00,34.00,426,0,0),(2110,951,3,105.00,0.00,508,0,0),(2111,951,3,105.00,0.00,507,0,0),(2112,951,10,70.00,34.00,422,0,0),(2113,951,3,105.00,0.00,506,0,0),(2114,951,3,105.00,0.00,509,0,0),(2115,951,3,105.00,0.00,1204,0,0),(2116,951,10,48.00,23.00,1205,0,0),(2117,951,10,70.00,34.00,1201,0,0),(2118,951,10,70.00,34.00,415,0,0),(2151,1004,1,59.83,NULL,37,0,1),(2152,1004,1,59.83,NULL,36,0,1),(2153,1003,1,35.00,NULL,972,0,1),(2154,1004,1,59.83,NULL,38,0,1),(2155,1002,1,100.00,NULL,64,0,1),(2156,1006,1,5.00,NULL,454,0,1),(2157,1004,1,59.83,NULL,39,0,1),(2158,1001,1,95.00,NULL,62,0,1),(2159,1006,1,95.00,NULL,63,0,1),(2160,1004,1,59.85,NULL,40,0,1),(2161,1004,1,59.83,NULL,35,0,1),(2162,1010,1,90.00,NULL,64,0,1),(2163,1008,2,316.50,NULL,1,0,2),(2165,1011,1,16.00,NULL,986,0,1),(2167,1009,1,90.00,NULL,453,0,1),(2168,1001,1,5.00,NULL,61,0,1),(2169,1003,1,35.00,NULL,944,0,1),(2170,1003,1,29.00,NULL,947,0,1),(2171,1008,1,0.00,NULL,801,0,1),(2172,1004,1,0.01,NULL,1053,0,1),(2173,913,1,198.00,NULL,1101,0,1),(2201,1052,1,38.35,NULL,34,0,1),(2202,1052,1,38.33,NULL,30,0,1),(2203,1052,1,38.33,NULL,33,0,1),(2204,1052,1,38.33,NULL,29,0,1),(2205,1052,1,38.33,NULL,32,0,1),(2206,1052,1,38.33,NULL,31,0,1),(2207,1054,1,360.00,NULL,251,0,0),(2208,1055,1,81.00,NULL,362,0,1),(2209,1055,1,81.00,NULL,361,0,1),(2210,1056,1,100.00,NULL,64,0,1),(2211,1056,1,57.00,NULL,29,0,1),(2212,1057,2,80.00,NULL,62,0,0),(2213,1058,1,38.33,NULL,32,0,1),(2214,1058,1,38.33,NULL,30,0,1),(2215,1058,1,38.33,NULL,31,0,1),(2216,1058,1,38.33,NULL,33,0,1),(2217,1058,1,38.35,NULL,34,0,1),(2218,1058,1,38.33,NULL,29,0,1),(2219,1059,1,3.50,NULL,751,0,1),(2220,1059,1,43.33,NULL,66,0,1),(2221,1059,1,43.33,NULL,69,0,1),(2222,1059,1,69.84,NULL,308,0,1),(2223,1059,1,69.84,NULL,311,0,1),(2224,1059,1,48.35,NULL,40,0,1),(2225,1059,1,41.67,NULL,33,0,1),(2226,1059,1,43.33,NULL,59,0,1),(2227,1059,1,43.37,NULL,454,0,1),(2228,1059,1,41.67,NULL,32,0,1),(2229,1059,1,41.67,NULL,29,0,1),(2230,1059,1,43.33,NULL,65,0,1),(2231,1059,1,48.33,NULL,38,0,1),(2232,1059,1,43.33,NULL,62,0,1),(2233,1059,1,3.49,NULL,309,0,1),(2234,1059,1,69.84,NULL,310,0,1),(2235,1059,1,3.49,NULL,312,0,1),(2236,1059,1,43.33,NULL,61,0,1),(2237,1059,1,48.33,NULL,39,0,1),(2238,1059,1,43.33,NULL,60,0,1),(2239,1059,1,48.33,NULL,37,0,1),(2240,1059,1,43.33,NULL,68,0,1),(2241,1059,1,43.33,NULL,67,0,1),(2242,1059,1,48.33,NULL,36,0,1),(2243,1059,1,41.65,NULL,34,0,1),(2244,1059,1,43.33,NULL,63,0,1),(2245,1059,1,43.33,NULL,70,0,1),(2246,1059,1,48.33,NULL,35,0,1),(2247,1059,1,370.00,NULL,455,0,1),(2248,1059,1,41.67,NULL,30,0,1),(2249,1059,1,41.67,NULL,31,0,1),(2250,1063,1,390.00,NULL,455,0,1),(2251,1067,1,0.01,NULL,943,0,1),(2252,1068,1,80.00,NULL,65,0,1),(2253,1068,1,5.00,NULL,61,0,1),(2254,1068,1,80.00,NULL,62,0,1),(2255,1068,1,5.00,NULL,69,0,1),(2256,1068,1,80.00,NULL,60,0,1),(2257,1068,1,5.00,NULL,454,0,1),(2258,1068,1,80.00,NULL,70,0,1),(2259,1068,1,80.00,NULL,63,0,1),(2260,1068,1,80.00,NULL,59,0,1),(2261,1068,1,80.00,NULL,453,0,1),(2262,1068,1,5.00,NULL,66,0,1),(2263,1068,1,80.00,NULL,64,0,1),(2264,1068,1,5.00,NULL,67,0,1),(2265,1068,1,5.00,NULL,68,0,1),(2266,1069,1,47.34,NULL,31,0,1),(2267,1069,1,47.34,NULL,33,0,1),(2268,1069,1,47.34,NULL,29,0,1),(2269,1069,1,47.34,NULL,32,0,1),(2270,1069,1,47.34,NULL,30,0,1),(2271,1069,1,47.35,NULL,34,0,1),(2272,1073,1,49.83,NULL,33,0,1),(2273,1073,1,49.83,NULL,32,0,1),(2274,1073,1,49.85,NULL,34,0,1),(2275,1073,1,49.83,NULL,31,0,1),(2276,1073,1,49.83,NULL,29,0,1),(2277,1073,1,49.83,NULL,30,0,1),(2278,1076,1,41.65,NULL,34,0,1),(2279,1076,1,41.67,NULL,31,0,1),(2280,1076,1,41.67,NULL,29,0,1),(2281,1076,1,41.67,NULL,33,0,1),(2282,1076,1,41.67,NULL,30,0,1),(2283,1076,1,41.67,NULL,32,0,1),(2284,1078,1,4.76,NULL,309,0,1),(2285,1078,1,95.24,NULL,311,0,1),(2286,1078,1,95.24,NULL,310,0,1),(2287,1078,1,4.76,NULL,751,0,1),(2288,1078,1,95.24,NULL,308,0,1),(2289,1078,1,4.76,NULL,312,0,1),(2301,1060,1,144.00,NULL,448,0,1),(2302,1053,15,10.00,NULL,50,0,0),(2303,1053,15,150.00,NULL,49,0,0),(2304,1075,1,188.10,NULL,1101,0,1),(2305,1066,10,8.00,NULL,50,0,0),(2306,1066,10,160.00,NULL,49,0,0),(2307,1064,1,49.00,NULL,433,0,1),(2308,1064,1,49.00,NULL,431,0,1),(2309,1064,1,49.00,NULL,437,0,1),(2310,1064,1,49.00,NULL,432,0,1),(2311,1064,1,49.00,NULL,436,0,1),(2312,1064,1,49.00,NULL,430,0,1),(2313,1064,1,49.00,NULL,434,0,1),(2314,1064,1,49.00,NULL,435,0,1),(2315,1064,1,49.00,NULL,429,0,1),(2316,1064,1,49.00,NULL,428,0,1),(2317,1077,1,27.55,NULL,947,0,1),(2318,1051,1,180.00,NULL,652,0,1),(2319,1051,1,15.00,NULL,1251,0,1),(2320,1072,1,0.01,NULL,479,0,1),(2321,1079,1,15.00,NULL,1053,0,0),(2322,1079,1,12.99,NULL,940,0,0),(2351,1101,5,5.00,NULL,69,0,5),(2352,1101,5,5.00,NULL,454,0,5),(2353,1101,1,128.00,NULL,459,0,1),(2354,1101,5,70.00,NULL,63,0,5),(2355,1101,1,85.00,NULL,1305,0,1),(2356,1101,5,70.00,NULL,70,0,5),(2357,1101,1,85.00,NULL,1304,0,1),(2358,1102,30,5.00,5.00,67,0,0),(2359,1102,30,60.00,60.00,59,0,0),(2360,1102,20,60.00,60.00,453,0,0),(2361,1102,30,5.00,5.00,68,0,0),(2362,1102,30,5.00,5.00,454,0,0),(2363,1102,30,60.00,60.00,70,0,0),(2364,1102,30,5.00,5.00,69,0,0),(2365,1102,30,5.00,5.00,61,0,0),(2366,1102,30,60.00,60.00,63,0,0),(2367,1102,30,60.00,60.00,64,0,0),(2368,1102,30,60.00,60.00,60,0,0),(2369,1102,30,60.00,60.00,62,0,0),(2401,1152,1,41.67,NULL,31,0,1),(2402,1152,1,41.67,NULL,30,0,1),(2403,1152,1,41.65,NULL,34,0,1),(2404,1152,1,41.67,NULL,33,0,1),(2405,1152,1,41.67,NULL,29,0,1),(2406,1152,1,41.67,NULL,32,0,1),(2408,1153,1,100.00,NULL,64,0,1),(2409,1154,8,100.00,NULL,64,0,0),(2410,1155,2,49.00,NULL,30,0,2),(2411,1155,2,49.00,NULL,34,0,2),(2412,1155,2,43.00,NULL,39,0,2),(2413,1155,2,49.00,NULL,32,0,2),(2414,1155,2,49.00,NULL,33,0,2),(2415,1155,2,49.00,NULL,29,0,2),(2416,1155,2,43.00,NULL,36,0,2),(2417,1155,2,49.00,NULL,31,0,2),(2418,1155,2,48.00,NULL,38,0,2),(2419,1155,2,43.00,NULL,35,0,2),(2420,1155,2,43.00,NULL,40,0,2),(2421,1155,2,43.00,NULL,37,0,2),(2422,1151,1,98.00,NULL,371,0,1),(2423,1153,1,100.00,NULL,453,0,1),(2424,1011,1,59.00,NULL,1001,0,1),(2451,1201,1,81.00,NULL,360,0,1),(2452,1201,1,81.00,NULL,361,0,1),(2453,1202,1,4.83,NULL,751,0,1),(2454,1202,1,96.83,NULL,310,0,1),(2455,1202,1,96.83,NULL,308,0,1),(2456,1202,1,4.84,NULL,312,0,1),(2457,1202,1,4.84,NULL,309,0,1),(2458,1202,1,96.83,NULL,311,0,1),(2459,1203,1,3.00,NULL,957,0,1),(2460,1203,1,16.00,NULL,954,0,1),(2461,1203,1,28.00,NULL,917,0,1),(2463,1203,1,16.00,NULL,958,0,1),(2464,1205,1,86.00,NULL,350,0,1),(2465,1205,1,98.00,NULL,366,0,1),(2466,1205,1,68.00,NULL,324,0,1),(2467,1012,1,10.00,NULL,1401,0,1),(2468,1012,1,170.00,NULL,459,0,1),(2501,1251,1,91.00,NULL,361,0,1),(2502,1252,1,43.00,NULL,32,0,1),(2503,1252,1,43.00,NULL,30,0,1),(2504,1252,1,43.00,NULL,33,0,1),(2505,1252,1,43.00,NULL,34,0,1),(2506,1252,1,80.00,NULL,64,0,1),(2508,1252,1,43.00,NULL,29,0,1),(2509,1252,1,43.00,NULL,31,0,1),(2510,1253,1,70.00,NULL,362,0,1),(2511,1253,1,70.00,NULL,360,0,1),(2512,1253,1,70.00,NULL,361,0,1),(2513,1254,1,96.83,NULL,310,0,1),(2514,1254,1,96.83,NULL,308,0,1),(2515,1254,1,4.84,NULL,312,0,1),(2516,1254,1,96.83,NULL,311,0,1),(2517,1254,1,4.84,NULL,309,0,1),(2518,1254,1,4.83,NULL,751,0,1),(2519,1155,2,68.00,NULL,379,0,2),(2520,1155,2,68.00,NULL,382,0,2),(2521,1155,2,68.00,NULL,380,0,2),(2522,1155,2,68.00,NULL,381,0,2),(2523,1155,2,68.00,NULL,377,0,2),(2524,1155,2,68.00,NULL,378,0,2),(2525,1252,1,80.00,NULL,453,0,1),(2526,1203,1,3.00,NULL,956,0,1),(2527,1203,1,16.00,NULL,953,0,1),(2528,1204,1,59.00,NULL,1001,0,1),(2551,1301,1,38.35,NULL,34,0,1),(2552,1301,1,38.33,NULL,32,0,1),(2553,1301,1,38.33,NULL,29,0,1),(2554,1301,1,38.33,NULL,33,0,1),(2555,1301,1,38.33,NULL,31,0,1),(2556,1301,1,38.33,NULL,30,0,1),(2557,1302,1,415.00,NULL,455,0,1),(2558,1303,1,100.00,NULL,64,0,1),(2560,1304,1,45.00,NULL,29,0,1),(2561,1304,1,45.00,NULL,30,0,1),(2562,1304,1,80.00,NULL,62,0,1),(2563,1306,1,4.83,NULL,751,0,0),(2564,1306,1,4.84,NULL,309,0,0),(2565,1306,1,96.83,NULL,308,0,0),(2566,1306,1,4.84,NULL,312,0,0),(2567,1306,1,96.83,NULL,310,0,0),(2568,1306,1,96.83,NULL,311,0,0),(2569,1307,1,360.00,NULL,251,0,1),(2570,1307,1,360.00,NULL,5,0,1),(2572,1308,1,100.00,NULL,64,0,0),(2574,1309,1,100.00,NULL,64,0,0),(2575,1307,1,30.00,NULL,805,0,1),(2576,1307,1,30.00,NULL,804,0,1),(2577,1305,1,52.80,NULL,1454,0,1),(2578,1308,1,100.00,NULL,453,0,0),(2579,1303,1,100.00,NULL,453,0,1),(2580,1309,1,100.00,NULL,453,0,0),(2601,1351,1,75.00,NULL,63,0,0),(2602,1351,1,75.00,NULL,70,0,0),(2603,1352,1,57.00,NULL,29,0,0),(2604,1352,1,57.00,NULL,30,0,0),(2605,1354,1,80.00,NULL,62,0,0),(2606,1355,1,60.00,NULL,65,0,0),(2607,1356,1,49.83,NULL,31,0,0),(2608,1356,1,49.83,NULL,30,0,0),(2609,1356,1,49.83,NULL,33,0,0),(2610,1356,1,49.83,NULL,29,0,0),(2611,1356,1,49.85,NULL,34,0,0),(2612,1356,1,49.83,NULL,32,0,0),(2613,1357,1,70.00,NULL,362,0,0),(2614,1358,1,42.36,NULL,32,0,0),(2615,1358,1,42.36,NULL,31,0,0),(2616,1358,1,42.35,NULL,34,0,0),(2617,1358,1,42.36,NULL,33,0,0),(2618,1358,1,42.36,NULL,30,0,0),(2619,1358,1,42.36,NULL,29,0,0),(2620,1359,1,49.83,NULL,33,0,0),(2621,1359,1,49.83,NULL,31,0,0),(2622,1359,1,49.83,NULL,32,0,0),(2623,1359,1,49.83,NULL,30,0,0),(2624,1359,1,49.85,NULL,34,0,0),(2625,1359,1,49.83,NULL,29,0,0),(2626,1360,1,81.00,NULL,361,0,0),(2627,1361,1,42.36,NULL,32,0,0),(2628,1361,1,42.35,NULL,34,0,0),(2629,1361,1,42.36,NULL,33,0,0),(2630,1361,1,42.36,NULL,31,0,0),(2631,1361,1,42.36,NULL,30,0,0),(2632,1361,1,42.36,NULL,29,0,0),(2633,1363,5,70.00,NULL,361,0,0),(2634,1366,1,23.80,NULL,906,0,0),(2635,1366,1,38.00,NULL,926,0,0),(2636,1366,1,29.99,NULL,954,0,0),(2637,1367,1,63.49,NULL,308,0,0),(2638,1367,1,3.17,NULL,309,0,0),(2639,1367,1,3.19,NULL,751,0,0),(2640,1367,1,63.49,NULL,311,0,0),(2641,1367,1,63.49,NULL,310,0,0),(2642,1367,1,3.17,NULL,312,0,0),(2651,1401,1,119.00,NULL,311,0,0),(2652,1402,1,99.00,NULL,308,0,0),(2653,1403,1,49.83,NULL,30,0,0),(2654,1403,1,49.83,NULL,32,0,0),(2655,1403,1,49.85,NULL,34,0,0),(2656,1403,1,49.83,NULL,33,0,0),(2657,1403,1,49.83,NULL,29,0,0),(2658,1403,1,49.83,NULL,31,0,0),(2659,1404,1,81.00,NULL,361,0,0),(2660,1406,1,3.97,NULL,312,0,0),(2661,1406,1,3.95,NULL,751,0,0),(2662,1406,1,3.97,NULL,309,0,0),(2663,1406,1,79.37,NULL,311,0,0),(2664,1406,1,79.37,NULL,308,0,0),(2665,1406,1,79.37,NULL,310,0,0),(2666,1407,1,49.83,NULL,32,0,0),(2667,1407,1,49.83,NULL,30,0,0),(2668,1407,1,49.83,NULL,29,0,0),(2669,1407,1,49.83,NULL,31,0,0),(2670,1407,1,49.85,NULL,34,0,0),(2671,1407,1,49.83,NULL,33,0,0),(2672,1408,1,85.00,NULL,59,0,0),(2673,1408,1,85.00,NULL,62,0,0),(2674,1408,1,46.50,NULL,34,0,0),(2675,1408,1,46.50,NULL,32,0,0),(2676,1408,1,46.50,NULL,29,0,0),(2677,1408,1,46.50,NULL,33,0,0),(2678,1408,1,46.50,NULL,30,0,0),(2679,1408,1,84.00,NULL,308,0,0),(2680,1408,1,85.00,NULL,70,0,0),(2681,1408,1,46.50,NULL,31,0,0),(2682,1409,1,38.33,NULL,29,0,0),(2683,1409,1,38.33,NULL,32,0,0),(2684,1409,1,38.33,NULL,30,0,0),(2685,1409,1,38.33,NULL,33,0,0),(2686,1409,1,38.35,NULL,34,0,0),(2687,1409,1,38.33,NULL,31,0,0),(2688,1410,1,342.00,NULL,251,0,0),(2689,1411,1,81.00,NULL,361,0,0),(2690,1412,1,99.00,NULL,308,0,0),(2691,1413,3,99.00,NULL,308,0,0),(2692,1415,1,36.00,NULL,374,0,0),(2693,1417,1,580.00,NULL,24,0,0),(2694,1418,2,81.00,NULL,361,0,0),(2695,1419,1,42.36,NULL,32,0,0),(2696,1419,1,42.36,NULL,33,0,0),(2697,1419,1,42.36,NULL,30,0,0),(2698,1419,1,42.36,NULL,31,0,0),(2699,1419,1,42.36,NULL,29,0,0),(2700,1419,1,42.35,NULL,34,0,0),(2701,1421,1,75.00,NULL,63,0,0),(2702,1422,1,46.50,NULL,31,0,0),(2703,1422,1,46.50,NULL,33,0,0),(2704,1422,1,46.50,NULL,34,0,0),(2705,1422,1,46.50,NULL,32,0,0),(2706,1422,1,46.50,NULL,29,0,0),(2707,1422,1,46.50,NULL,30,0,0),(2708,1423,2,101.72,NULL,38,0,0),(2709,1423,2,101.72,NULL,35,0,0),(2710,1423,2,101.72,NULL,36,0,0),(2711,1423,2,101.72,NULL,39,0,0),(2712,1423,2,101.70,NULL,40,0,0),(2713,1423,2,101.72,NULL,37,0,0),(2714,1424,1,96.83,NULL,311,0,0),(2715,1424,1,96.83,NULL,310,0,0),(2716,1424,1,4.84,NULL,309,0,0),(2717,1424,1,96.83,NULL,308,0,0),(2718,1424,1,4.83,NULL,751,0,0),(2719,1424,1,4.84,NULL,312,0,0),(2720,1425,8,129.75,NULL,54,0,0),(2721,1426,1,4.84,NULL,312,0,0),(2722,1426,1,96.83,NULL,311,0,0),(2723,1426,1,96.83,NULL,308,0,0),(2724,1426,1,4.83,NULL,751,0,0),(2725,1426,1,96.83,NULL,310,0,0),(2726,1426,1,4.84,NULL,309,0,0),(2727,1427,1,100.00,NULL,64,0,0),(2728,1429,1,360.00,NULL,24,0,0),(2729,1431,1,20.94,NULL,906,0,0),(2730,1432,1,4.52,NULL,751,0,0),(2731,1432,1,90.48,NULL,308,0,0),(2732,1432,1,90.48,NULL,310,0,0),(2733,1432,1,4.52,NULL,312,0,0),(2734,1432,1,90.48,NULL,311,0,0),(2735,1432,1,4.52,NULL,309,0,0),(2736,1437,1,163.00,NULL,360,0,0),(2737,1438,1,49.83,NULL,31,0,0),(2738,1438,1,49.83,NULL,33,0,0),(2739,1438,1,49.83,NULL,32,0,0),(2740,1438,1,49.85,NULL,34,0,0),(2741,1438,1,49.83,NULL,29,0,0),(2742,1438,1,49.83,NULL,30,0,0);
/*!40000 ALTER TABLE `order_item` ENABLE KEYS */;
UNLOCK TABLES;

--
-- Table structure for table `order_list_price`
--

DROP TABLE IF EXISTS `order_list_price`;
/*!40101 SET @saved_cs_client     = @@character_set_client */;
/*!40101 SET character_set_client = utf8 */;
CREATE TABLE `order_list_price` (
  `book_oid` int(11) NOT NULL,
  `list_price` decimal(10,2) NOT NULL,
  PRIMARY KEY (`book_oid`),
  KEY `order_list_price_pk` (`book_oid`),
  CONSTRAINT `order_list_price_pk` FOREIGN KEY (`book_oid`) REFERENCES `profile_book` (`oid`) ON DELETE NO ACTION ON UPDATE NO ACTION
) ENGINE=InnoDB DEFAULT CHARSET=utf8;
/*!40101 SET character_set_client = @saved_cs_client */;

--
-- Dumping data for table `order_list_price`
--

LOCK TABLES `order_list_price` WRITE;
/*!40000 ALTER TABLE `order_list_price` DISABLE KEYS */;
INSERT INTO `order_list_price` VALUES (29,50.00),(30,50.00),(31,50.00),(32,50.00),(33,50.00),(34,50.00),(35,60.00),(36,60.00),(37,60.00),(38,60.00),(39,60.00),(40,60.00),(49,160.00),(50,20.00),(52,20.00),(53,160.00),(54,160.00),(55,20.00),(61,5.00),(62,100.00),(64,100.00),(66,5.00),(67,5.00),(68,5.00),(69,5.00),(70,100.00),(254,160.00),(255,20.00),(256,160.00),(257,20.00),(258,160.00),(259,20.00),(301,688.00),(308,90.00),(309,5.00),(310,90.00),(311,90.00),(312,5.00),(320,82.00),(360,81.00),(361,81.00),(362,81.00),(363,81.00),(364,98.00),(365,98.00),(366,98.00),(367,98.00),(368,98.00),(369,98.00),(370,98.00),(371,98.00),(414,260.00),(430,65.00),(431,65.00),(432,65.00),(433,65.00),(434,65.00),(435,65.00),(436,65.00),(437,65.00),(438,65.00),(439,65.00),(440,65.00),(441,65.00),(442,65.00),(443,65.00),(444,65.00),(445,65.00),(453,100.00),(454,5.00),(455,415.00),(479,77.00),(751,5.00);
/*!40000 ALTER TABLE `order_list_price` ENABLE KEYS */;
UNLOCK TABLES;

--
-- Table structure for table `order_receive`
--

DROP TABLE IF EXISTS `order_receive`;
/*!40101 SET @saved_cs_client     = @@character_set_client */;
/*!40101 SET character_set_client = utf8 */;
CREATE TABLE `order_receive` (
  `oid` int(11) NOT NULL,
  `status` int(1) NOT NULL,
  `number` varchar(40) NOT NULL,
  `company` varchar(45) NOT NULL,
  `create_date` datetime NOT NULL,
  `receive_date` datetime DEFAULT NULL,
  `type` varchar(30) NOT NULL,
  `ref_number` varchar(45) NOT NULL,
  `remark` text,
  `sender_name` varchar(40) DEFAULT NULL,
  `sender_mobile` varchar(45) DEFAULT NULL,
  `sender_email` varchar(45) DEFAULT NULL,
  `sender_phone` varchar(45) DEFAULT NULL,
  `delivery` int(11) DEFAULT NULL,
  PRIMARY KEY (`oid`),
  KEY `or_fk_delivery` (`delivery`),
  CONSTRAINT `or_fk_delivery` FOREIGN KEY (`delivery`) REFERENCES `order_delivery` (`oid`)
) ENGINE=InnoDB DEFAULT CHARSET=utf8;
/*!40101 SET character_set_client = @saved_cs_client */;

--
-- Dumping data for table `order_receive`
--

LOCK TABLES `order_receive` WRITE;
/*!40000 ALTER TABLE `order_receive` DISABLE KEYS */;
/*!40000 ALTER TABLE `order_receive` ENABLE KEYS */;
UNLOCK TABLES;

--
-- Table structure for table `order_receive_item`
--

DROP TABLE IF EXISTS `order_receive_item`;
/*!40101 SET @saved_cs_client     = @@character_set_client */;
/*!40101 SET character_set_client = utf8 */;
CREATE TABLE `order_receive_item` (
  `oid` int(11) NOT NULL,
  `header` int(11) NOT NULL,
  `book_oid` int(11) NOT NULL,
  `count` int(10) NOT NULL,
  `unit_cost` decimal(10,2) DEFAULT NULL,
  PRIMARY KEY (`oid`),
  KEY `ori_fk_header` (`header`),
  KEY `ori_fk_book` (`book_oid`),
  CONSTRAINT `ori_fk_book` FOREIGN KEY (`book_oid`) REFERENCES `profile_book` (`oid`),
  CONSTRAINT `ori_fk_header` FOREIGN KEY (`header`) REFERENCES `order_receive` (`oid`) ON DELETE CASCADE ON UPDATE CASCADE
) ENGINE=InnoDB DEFAULT CHARSET=utf8;
/*!40101 SET character_set_client = @saved_cs_client */;

--
-- Dumping data for table `order_receive_item`
--

LOCK TABLES `order_receive_item` WRITE;
/*!40000 ALTER TABLE `order_receive_item` DISABLE KEYS */;
/*!40000 ALTER TABLE `order_receive_item` ENABLE KEYS */;
UNLOCK TABLES;

--
-- Table structure for table `profile_book`
--

DROP TABLE IF EXISTS `profile_book`;
/*!40101 SET @saved_cs_client     = @@character_set_client */;
/*!40101 SET character_set_client = utf8 */;
CREATE TABLE `profile_book` (
  `isbn` varchar(20) NOT NULL,
  `name` varchar(1000) NOT NULL,
  `description` text,
  `oid` int(11) NOT NULL,
  `is_set` int(1) DEFAULT '0',
  `weight` decimal(10,2) DEFAULT NULL,
  `page` decimal(4,0) DEFAULT NULL,
  PRIMARY KEY (`oid`),
  UNIQUE KEY `uk_isbn` (`isbn`)
) ENGINE=InnoDB DEFAULT CHARSET=utf8;
/*!40101 SET character_set_client = @saved_cs_client */;

--
-- Dumping data for table `profile_book`
--

LOCK TABLES `profile_book` WRITE;
/*!40000 ALTER TABLE `profile_book` DISABLE KEYS */;
INSERT INTO `profile_book` VALUES ('9786070601262','SOE G1 Student Book',NULL,1,0,NULL,NULL),('9786070601286','SOE G1 Assessment',NULL,2,0,NULL,NULL),('9786070601316','SOE G2 Student Book',NULL,3,0,NULL,NULL),('9786070601323','SOE G2 Practice Book',NULL,4,0,NULL,NULL),('9786070601453','SOE G4 Student Book',NULL,5,0,NULL,NULL),('9786070601477','SOE G4 Assessment',NULL,6,0,NULL,NULL),('9786070601460','SOE G4 Practice Book',NULL,7,0,NULL,NULL),('SOE_G4','SOE G4 Student Set',NULL,8,1,NULL,NULL),('9786070601552','SOE G6 Practice Book',NULL,9,0,NULL,NULL),('9786070601569','SOE G6 Assessment',NULL,10,0,NULL,NULL),('9786070601545','SOE G6 Student Book',NULL,11,0,NULL,NULL),('9786070601514','SOE G5 Practice Book',NULL,12,0,NULL,NULL),('9786070601521','SOE G5 Assessment',NULL,13,0,NULL,NULL),('9786070601507','SOE G5 Student Book',NULL,14,0,NULL,NULL),('SOE_G5','SOE G5 Student Set',NULL,15,1,NULL,NULL),('SOE_G6','SOE G6 Student Set',NULL,16,1,NULL,NULL),('SOE_G1_IS','SOE G1 Interactive Software',NULL,17,0,NULL,NULL),('SOE_G2_IS','SOE G2 Interactive Software',NULL,18,0,NULL,NULL),('SOE_G3_IS','SOE G3 Interactive Software',NULL,19,0,NULL,NULL),('SOE_G4_IS','SOE G4 Interactive Software',NULL,20,0,NULL,NULL),('SOE_G5_IS','SOE G5 Interactive Software',NULL,21,0,NULL,NULL),('SOE_G6_IS','SOE G6 Interactive Software',NULL,22,0,NULL,NULL),('9786070601361','SOE GK Activity Pad',NULL,23,0,NULL,NULL),('9786070601255','SOE GK Student Book',NULL,24,0,NULL,NULL),('9786070601347','SOE G2 Assessment Teacher\'s Manual',NULL,25,0,NULL,NULL),('9786070601576','SOE G6 Assessment Teacher\'s Manual',NULL,26,0,NULL,NULL),('9786070601538','SOE G5 Assessment Teacher\'s Manual',NULL,27,0,NULL,NULL),('9786070601446','SOE G3 Assessment Teacher\'s Manual',NULL,28,0,NULL,NULL),('9789867054371','Phonics Kids 1A',NULL,29,0,NULL,NULL),('9789867054678','Phonics Kids 1B',NULL,30,0,NULL,NULL),('9789867054425','Phonics Kids 2A',NULL,31,0,NULL,NULL),('9789867054685','Phonics Kids 2B',NULL,32,0,NULL,NULL),('9789867054388','Phonics Kids 3A',NULL,33,0,NULL,NULL),('9789867054692','Phonics Kids 3B',NULL,34,0,NULL,NULL),('9789861832593','Phonics Kids 4A',NULL,35,0,NULL,NULL),('9789861832609','Phonics Kids 4B',NULL,36,0,NULL,NULL),('9789861832616','Phonics Kids 5A',NULL,37,0,NULL,NULL),('9789861832623','Phonics Kids 5B',NULL,38,0,NULL,NULL),('9789861832630','Phonics Kids 6A',NULL,39,0,NULL,NULL),('9789861832647','Phonics Kids 6B',NULL,40,0,NULL,NULL),('9789861831619','Phonics Kids 4',NULL,41,0,NULL,NULL),('9789861832388','Phonics Kids 5',NULL,42,0,NULL,NULL),('9789861832654','Phonics Kids 6',NULL,43,0,NULL,NULL),('9786070601392','SOE GK Teacher Book',NULL,44,0,NULL,NULL),('9786070601354','SOE G2 Teacher Book',NULL,45,0,NULL,NULL),('9786070601309','SOE G1 Teacher Book',NULL,46,0,NULL,NULL),('9789880056215','3H Phonics Book A',NULL,47,0,NULL,NULL),('9789880056222','3H Phonics Book B',NULL,48,0,NULL,NULL),('9789880029318','3H G1 Student Book',NULL,49,0,NULL,NULL),('9789880029370','3H G1 Workbook',NULL,50,0,NULL,NULL),('9789880056161','3H G2 Teacher Book',NULL,51,0,NULL,NULL),('9789880029387','3H G2 Workbook',NULL,52,0,NULL,NULL),('9789880029325','3H G2 Student Book',NULL,53,0,NULL,NULL),('9789880029332','3H G3 Student Book',NULL,54,0,NULL,NULL),('9789880029394','3H G3 Workbook',NULL,55,0,NULL,NULL),('9789861831251','Love English G3 Teacher Manual',NULL,56,0,NULL,NULL),('9789861831879','Love English G4 Teacher Manual',NULL,57,0,NULL,NULL),('9789861832371','Love English G5 Teacher Manual',NULL,58,0,NULL,NULL),('9789861832357','Love English G5 Student Book',NULL,59,0,NULL,NULL),('9789861831916','Love English G6 Student Book',NULL,60,0,NULL,NULL),('4710768495142','Love English G1 Workbook',NULL,61,0,NULL,NULL),('9789861831046','Love English G1 Student Book',NULL,62,0,NULL,NULL),('9789861831817','Love English G2 Student Book',NULL,63,0,NULL,NULL),('9789861832340','Love English S1',NULL,64,0,NULL,NULL),('9789861831855','Love English G4 Student Book',NULL,65,0,NULL,NULL),('4710768495494','Love English G4 Workbook',NULL,66,0,NULL,NULL),('4710768495920','Love English G5 Workbook',NULL,67,0,NULL,NULL),('4710768495500','Love English G6 Workbook',NULL,68,0,NULL,NULL),('4710768495159','Love English G3 Workbook',NULL,69,0,NULL,NULL),('9789861831053','Love English G3 Student Book',NULL,70,0,NULL,NULL),('9789620100604','Longman WTE 2A Teacher Resource',NULL,101,0,NULL,NULL),('9789620116544','Longman WTE 5A Teacher Resource',NULL,102,0,NULL,NULL),('9789620116551','Longman WTE 5B Teacher Resource',NULL,103,0,NULL,NULL),('9789620116537','Longman WTE 4B Teacher Resource',NULL,104,0,NULL,NULL),('9789620100598','Longman WTE 1B Teacher Resource',NULL,105,0,NULL,NULL),('9789620100581','Longman WTE 1A Teacher Resource',NULL,106,0,NULL,NULL),('7506009806702','SOE G6 Blackline Master',NULL,151,0,NULL,NULL),('7506009806696','SOE G5 Blackline Master',NULL,152,0,NULL,NULL),('7506009806689','SOE G4 Blackline Master',NULL,153,0,NULL,NULL),('7506009806672','SOE G3 Blackline Master',NULL,154,0,NULL,NULL),('7506009806665','SOE G2 Blackline Master',NULL,155,0,NULL,NULL),('7506009806658','SOE G1 Blackline Master',NULL,156,0,NULL,NULL),('7506009806641','SOE GK Blackline Master',NULL,157,0,NULL,NULL),('9786070601385','SOE GK Assessment Teacher Manual',NULL,158,0,NULL,NULL),('9786070601293','SOE G1 Assessment Teacher Manual',NULL,201,0,NULL,NULL),('9786070601408','SOE G3 Student Book',NULL,251,0,NULL,NULL),('9789880056154','3H G1 Teacher Book',NULL,252,0,NULL,NULL),('9789880056185','3H G4 Teacher Book',NULL,253,0,NULL,NULL),('9789880029363','3H G6 Student Book',NULL,254,0,NULL,NULL),('9789880029424','3H G6 Workbook',NULL,255,0,NULL,NULL),('9789880029349','3H G4 Student Book',NULL,256,0,NULL,NULL),('9789880029400','3H G4 Workbook',NULL,257,0,NULL,NULL),('9789880029356','3H G5 Student Book',NULL,258,0,NULL,NULL),('9789880029417','3H G5 Workbook',NULL,259,0,NULL,NULL),('9789880029622','3H G2 Picture Card',NULL,260,0,NULL,NULL),('PHONICS_BOX','Phonics Box',NULL,301,0,NULL,NULL),('9786070601279','SOE G1 Practice Book',NULL,302,0,NULL,NULL),('9786070601378','SOE GK Assessment',NULL,303,0,NULL,NULL),('9786070601491','SOE G4 Teacher Book',NULL,304,0,NULL,NULL),('9786070601675','SOE G6 Teacher Book',NULL,305,0,NULL,NULL),('9786070601668','SOE G5 Teacher Book',NULL,306,0,NULL,NULL),('9786070601439','SOE G3 Teacher Book',NULL,307,0,NULL,NULL),('9789570339413','Super Phonics 1 SB',NULL,308,0,NULL,NULL),('9789570339420','Super Phonics 1 WB',NULL,309,0,NULL,NULL),('9789570339567','Super Phonics 2 SB',NULL,310,0,NULL,NULL),('9789570339857','Super Phonics 3 SB',NULL,311,0,NULL,NULL),('9789570339864','Super Phonics 3 WB',NULL,312,0,NULL,NULL),('9789880011337','WTE 5A RW',NULL,313,0,NULL,NULL),('9789880011351','WTE 6A RW',NULL,314,0,NULL,NULL),('9789880011368','WTE 6B RW',NULL,315,0,NULL,NULL),('9789880011344','WTE 5B RW',NULL,316,0,NULL,NULL),('9789880011269','WTE 1B RW',NULL,317,0,NULL,NULL),('9789880011023','WTE 1B LS',NULL,318,0,NULL,NULL),('9789880010903','WTE 1B GP',NULL,319,0,NULL,NULL),('9789880011146','WTE 1B PT',NULL,320,0,NULL,NULL),('9789880011115','WTE 6A LS',NULL,321,0,NULL,NULL),('9789880011122','WTE 6B LS',NULL,322,0,NULL,NULL),('9789880011085','WTE 4B LS',NULL,323,0,NULL,NULL),('9789880011078','WTE 4A LS',NULL,324,0,NULL,NULL),('9789880011092','WTE 5A LS',NULL,325,0,NULL,NULL),('9789880011214','WTE 5A PT',NULL,326,0,NULL,NULL),('9789880011252','WTE 1A RW',NULL,327,0,NULL,NULL),('9789880010897','WTE 1A GP',NULL,328,0,NULL,NULL),('9789880011016','WTE 1A LS',NULL,329,0,NULL,NULL),('9789880011061','WTE 3B LS',NULL,330,0,NULL,NULL),('9789880011054','WTE 3A LS',NULL,331,0,NULL,NULL),('9789880011313','WTE 4A RW',NULL,332,0,NULL,NULL),('9789880011320','WTE 4B RW',NULL,333,0,NULL,NULL),('9789880011306','WTE 3B RW',NULL,334,0,NULL,NULL),('9789880011290','WTE 3A RW',NULL,335,0,NULL,NULL),('9789880011108','WTE 5B LS',NULL,336,0,NULL,NULL),('9789880010958','WTE 4A GP',NULL,337,0,NULL,NULL),('9789880010965','WTE 4B GP',NULL,338,0,NULL,NULL),('9789880010941','WTE 3B GP',NULL,339,0,NULL,NULL),('9789880010934','WTE 3A GP',NULL,340,0,NULL,NULL),('9789880010910','WTE 2A GP',NULL,341,0,NULL,NULL),('9789880011276','WTE 2A RW',NULL,342,0,NULL,NULL),('9789880011030','WTE 2A LS',NULL,343,0,NULL,NULL),('9789880011153','WTE 2A PT',NULL,344,0,NULL,NULL),('9789880011160','WTE 2B PT',NULL,345,0,NULL,NULL),('9789880011221','WTE 5B PT',NULL,346,0,NULL,NULL),('9789880011238','WTE 6A PT',NULL,347,0,NULL,NULL),('9789880011245','WTE 6B PT',NULL,348,0,NULL,NULL),('9789880011207','WTE 4B PT',NULL,349,0,NULL,NULL),('9789880011191','WTE 4A PT',NULL,350,0,NULL,NULL),('9789880011184','WTE 3B PT',NULL,351,0,NULL,NULL),('9789880011177','WTE 3A PT',NULL,352,0,NULL,NULL),('9789880010927','WTE 2B GP',NULL,353,0,NULL,NULL),('9789880011047','WTE 2B LS',NULL,354,0,NULL,NULL),('9789880011283','WTE 2B RW',NULL,355,0,NULL,NULL),('9789880010996','WTE 6A GP',NULL,356,0,NULL,NULL),('9789880011009','WTE 6B GP',NULL,357,0,NULL,NULL),('9789880010972','WTE 5A GP',NULL,358,0,NULL,NULL),('9789880010989','WTE 5B GP',NULL,359,0,NULL,NULL),('9789880010774','WTE 1A',NULL,360,0,NULL,NULL),('9789880010781','WTE 1B',NULL,361,0,NULL,NULL),('9789880010798','WTE 2A',NULL,362,0,NULL,NULL),('9789880010804','WTE 2B',NULL,363,0,NULL,NULL),('9789880010811','WTE 3A',NULL,364,0,NULL,NULL),('9789880010828','WTE 3B',NULL,365,0,NULL,NULL),('9789880010835','WTE 4A',NULL,366,0,NULL,NULL),('9789880010842','WTE 4B',NULL,367,0,NULL,NULL),('9789880010859','WTE 5A',NULL,368,0,NULL,NULL),('9789880010866','WTE 5B',NULL,369,0,NULL,NULL),('9789880010873','WTE 6A',NULL,370,0,NULL,NULL),('9789880010880','WTE 6B',NULL,371,0,NULL,NULL),('9789867054265','We Sing We Play 1',NULL,372,0,NULL,NULL),('9789861830919','We Sing We Play 3',NULL,373,0,NULL,NULL),('9789861830100','We Sing We Play 4',NULL,374,0,NULL,NULL),('9789861830902','We Sing We Play 5',NULL,375,0,NULL,NULL),('9789861830117','We Sing We Play 6',NULL,376,0,NULL,NULL),('SAR1','Sing And Read 1',NULL,377,0,NULL,NULL),('SAR2','Sing And Read 2',NULL,378,0,NULL,NULL),('SAR3','Sing And Read 3',NULL,379,0,NULL,NULL),('SAR4','Sing And Read 4',NULL,380,0,NULL,NULL),('SAR5','Sing And Read 5',NULL,381,0,NULL,NULL),('SAR6','Sing And Read 6',NULL,382,0,NULL,NULL),('9781410881083','Benchmark Early Reader 2B',NULL,401,0,NULL,NULL),('9781410861184','Benchmark Early Reader 3B',NULL,402,0,NULL,NULL),('9781410861153','Benchmark Early Reader 3A',NULL,403,0,NULL,NULL),('9781616723903','Benchmark Early Reader 2A',NULL,404,0,NULL,NULL),('9781410861283','Benchmark Reader 3B',NULL,405,0,NULL,NULL),('9781410807359','Build Up Phonics Reader 1A',NULL,406,0,NULL,NULL),('9781410807441','Build Up Phonics Reader 1B',NULL,407,0,NULL,NULL),('9781410807533','Build Up Phonics Reader 2A',NULL,408,0,NULL,NULL),('9781410807625','Build Up Phonics Reader 2B',NULL,409,0,NULL,NULL),('9781410807717','Build Up Phonics Reader 3A',NULL,410,0,NULL,NULL),('9781410815286','Build Up Phonics Reader 3B',NULL,411,0,NULL,NULL),('9781410806987','Start Up Phonics Reader 1A',NULL,412,0,NULL,NULL),('9781410807113','Start Up Phonics Reader 1B',NULL,413,0,NULL,NULL),('9789603795179','Yippee Red Student Book',NULL,414,0,NULL,NULL),('9789604435326','Get Smart 2 Student Book',NULL,415,0,NULL,NULL),('9789604435296','Get Smart 1 Teacher Book',NULL,416,0,NULL,NULL),('9789603795315','Yippee Blue Teacher Book',NULL,417,0,NULL,NULL),('9789604435388','Get Smart 3 Workbook',NULL,418,0,NULL,NULL),('9789603795124','Yippee Green Fun Book',NULL,419,0,NULL,NULL),('9789603795063','Yippee Green Student Book',NULL,420,0,NULL,NULL),('9789604435371','Get Smart 3 Student Book',NULL,421,0,NULL,NULL),('9789604435524','Get Smart 6 Student Book',NULL,422,0,NULL,NULL),('9789604435531','Get Smart 6 Workbook',NULL,423,0,NULL,NULL),('9789604435487','Get Smart 5 Workbook',NULL,424,0,NULL,NULL),('9789604435470','Get Smart 5 Student Book',NULL,425,0,NULL,NULL),('9789604435425','Get Smart 4 Student Book',NULL,426,0,NULL,NULL),('9789867054906','Sight Word Kids 1A',NULL,427,0,NULL,NULL),('9789867054920','Sight Word Kids 2A',NULL,428,0,NULL,NULL),('9789867054937','Sight Word Kids 2B',NULL,429,0,NULL,NULL),('9789861830759','Sight Word Kids 3A',NULL,430,0,NULL,NULL),('9789861830766','Sight Word Kids 3B',NULL,431,0,NULL,NULL),('9789861831176','Sight Word Kids 4A',NULL,432,0,NULL,NULL),('9789861831022','Sight Word Kids 4B',NULL,433,0,NULL,NULL),('9789861831367','Sight Word Kids 5A',NULL,434,0,NULL,NULL),('9789861831374','Sight Word Kids 5B',NULL,435,0,NULL,NULL),('9789861830520','Sight Word Kids H1',NULL,436,0,NULL,NULL),('9789861830537','Sight Word Kids H2',NULL,437,0,NULL,NULL),('9789861830544','Sight Word Kids H3',NULL,438,0,NULL,NULL),('9789861830551','Sight Word Kids H4',NULL,439,0,NULL,NULL),('9789861830735','Sight Word Kids H5',NULL,440,0,NULL,NULL),('9789861830742','Sight Word Kids H6',NULL,441,0,NULL,NULL),('9789861831015','Sight Word Kids H7',NULL,442,0,NULL,NULL),('9789861831022-2','Sight Word Kids H8',NULL,443,0,NULL,NULL),('9789861831190','Sight Word Kids H9',NULL,444,0,NULL,NULL),('9789861831206','Sight Word Kids H10',NULL,445,0,NULL,NULL),('FP_1A','FingerPrint 1A',NULL,446,0,NULL,NULL),('FP_1B','FingerPrint 1B',NULL,447,0,NULL,NULL),('FP_2A','FingerPrint 2A',NULL,448,0,NULL,NULL),('FP_2B','FingerPrint 2B',NULL,449,0,NULL,NULL),('FP_3A','FingerPrint 3A',NULL,450,0,NULL,NULL),('FP_3B','FingerPrint 3B',NULL,451,0,NULL,NULL),('9789861831923','Love English G6 Teacher Manual',NULL,452,0,NULL,NULL),('9789861831053-2','Love English S2',NULL,453,0,NULL,NULL),('4710768495487','Love English G2 Workbook',NULL,454,0,NULL,NULL),('4710768496163','跟小小孩说英文',NULL,455,0,NULL,NULL),('9789604439744','Traveller Intermediate SB',NULL,456,0,NULL,NULL),('9789604439645','Traveller PreIntermediate SB',NULL,457,0,NULL,NULL),('9789604439546','Traveller Elementary SB',NULL,458,0,NULL,NULL),('9789604439447','Traveller Beginner SB',NULL,459,0,NULL,NULL),('9781405336581','DK New Children Encyclopedia',NULL,460,0,NULL,NULL),('9789868577985','Easy to Read Lv1 Halloween Parade',NULL,461,0,NULL,NULL),('9789866146008','Easy to Read Lv1 My Tooth is Loose',NULL,462,0,NULL,NULL),('9789868577909','Easy to Read Lv1 Henny-Penny',NULL,463,0,NULL,NULL),('4710768496057','Easy to Read Lv1 Henny-Penny WB',NULL,464,0,NULL,NULL),('4710768496514','Easy to Read Lv1 My Tooth is Loose WB',NULL,465,0,NULL,NULL),('4710768496491','Easy to Read Lv1 The Ugly Duckling WB',NULL,466,0,NULL,NULL),('4710768496507','Easy to Read Lv1 Halloween Parade WB',NULL,467,0,NULL,NULL),('9789868577992','Easy to Read Lv1 The Ugly Duckling ',NULL,468,0,NULL,NULL),('9789866146015','Easy to Read Lv1 The Magic Porridge Pot',NULL,469,0,NULL,NULL),('4710768496521','Easy to Read Lv1 The Magic Porridge Pot WB',NULL,470,0,NULL,NULL),('9789604432998','MM Reader Lv2 Felix and the Fairy',NULL,471,0,NULL,NULL),('9789603796732','MM Reader Lv1 Jasper\'s Pot of Gold',NULL,472,0,NULL,NULL),('9789604434688','MM Reader Lv 1 The Princess and the Frog TB',NULL,473,0,NULL,NULL),('9789603794363','MM Reader Lv 1 Cookie Land',NULL,474,0,NULL,NULL),('9789604432882','MM Reader Lv1 The Ugly Duckling TB',NULL,475,0,NULL,NULL),('9789603796756','MM Reader Lv1 Jasper\'s Pot of Gold TB',NULL,476,0,NULL,NULL),('9789603794349','MM Reader Lv2 The Fox & The Dog',NULL,477,0,NULL,NULL),('9771008395016','东方娃娃中文绘本',NULL,478,0,NULL,NULL),('9787888675711','东方娃娃英文绘本',NULL,479,0,NULL,NULL),('9789604436545','MM Reader Lv3 Sleeping Beauty',NULL,480,0,NULL,NULL),('9789603794691','MM Reader Lv3 Rumpelstiltskin',NULL,481,0,NULL,NULL),('9786070601651','SOE GK Big Books',NULL,482,0,NULL,NULL),('7506009806559','SOE GK Poster Cutout',NULL,483,0,NULL,NULL),('9789603795353','Yippee Green Flashcards',NULL,501,0,NULL,NULL),('9789603795131','Yippee Green Teacher Book',NULL,502,0,NULL,NULL),('9789604781744','Yippee New Blue Fun Book',NULL,503,0,NULL,NULL),('9789603795292','YIppee Blue Student Book',NULL,504,0,NULL,NULL),('9789604438112','Get Smart 1 Flashcards',NULL,505,0,NULL,NULL),('9789604435395','Get Smart 3 Teacher Book',NULL,506,0,NULL,NULL),('9789604435494','Get Smart 5 Teacher Book',NULL,507,0,NULL,NULL),('9789604435548','Get Smart 6 Teacher Book',NULL,508,0,NULL,NULL),('9789604435449','Get Smart 4 Teacher Book',NULL,509,0,NULL,NULL),('9789603794592','MM Reader Lv 1 Cookie Land TB',NULL,510,0,NULL,NULL),('9789604432899','MM Reader Lv 4 Alibaba and the 40 thieves',NULL,511,0,NULL,NULL),('9789604432820','MM Reader Lv 3 Puss in Boos',NULL,512,0,NULL,NULL),('9789604434671','MM Reader Lv1 The Princess and the Frog',NULL,513,0,NULL,NULL),('SOE_GK_CD','SOE GK CD',NULL,551,0,NULL,NULL),('SOE_G1_CD','SOE G1 CD',NULL,552,0,NULL,NULL),('SOE_GK_IS','SOE GK Interactive Software',NULL,601,0,NULL,NULL),('SOE_G2_CD','SOE G2 CD',NULL,602,0,NULL,NULL),('SOE_G3_CD','SOE G3 CD',NULL,603,0,NULL,NULL),('SOE_G4_CD','SOE G4 CD',NULL,604,0,NULL,NULL),('SOE_G5_CD','SOE G5 CD',NULL,605,0,NULL,NULL),('SOE_G6_CD','SOE G6 CD',NULL,606,0,NULL,NULL),('LOVE_ENG_S1_TB','Love English S1 Teacher Manual',NULL,651,0,NULL,NULL),('LOVE_ENG_S2_TB','Love English S2 Teacher Manual',NULL,652,0,NULL,NULL),('PHONICS_KIDS_1_3','Phonics Kids 1-3',NULL,701,1,NULL,NULL),('PHONICS_KIDS_4_6','Phonics Kids 4-6',NULL,702,1,NULL,NULL),('LOVE_ENG_G1','Love English G1',NULL,703,1,NULL,NULL),('LOVE_ENG_G2','Love English G2',NULL,704,1,NULL,NULL),('LOVE_ENG_G3','Love English G3',NULL,705,1,NULL,NULL),('LOVE_ENG_G4','Love English G4',NULL,706,1,NULL,NULL),('LOVE_ENG_G5','Love English G5',NULL,707,1,NULL,NULL),('LOVE_ENG_G6','Love English G6',NULL,708,1,NULL,NULL),('LOVE_ENGLISH_1_6','Love English 1-6',NULL,709,1,NULL,NULL),('LOVE_ENGLISH_1_8','Love English 1-8',NULL,710,1,NULL,NULL),('9789570339574','Super Phonics 2 WB',NULL,751,0,NULL,NULL),('SUPER_PHONICS','Super Phonics 1-3',NULL,752,1,NULL,NULL),('SOE_G1_CD_S','SOE G1 CD SV',NULL,801,0,NULL,NULL),('SOE_GK_CD_S','SOE GK CD SV',NULL,802,0,NULL,NULL),('SOE_G2_CD_S','SOE G2 CD SV',NULL,803,0,NULL,NULL),('SOE_G3_CD_S','SOE G3 CD SV',NULL,804,0,NULL,NULL),('SOE_G4_CD_S','SOE G4 CD SV',NULL,805,0,NULL,NULL),('SOE_G5_CD_S','SOE G5 CD SV',NULL,806,0,NULL,NULL),('SOE_G6_CD_S','SOE G6 CD SV',NULL,807,0,NULL,NULL),('9780439438162','Scholastic Children\'s Encyclopedia',NULL,851,0,NULL,NULL),('9781405341400','DK Children\'s Illustrated Dictionary',NULL,852,0,NULL,NULL),('4197816901952','pferde&ponys 小马涂色书',NULL,901,0,0.08,0),('4197253301957','圣诞 涂色书',NULL,902,0,0.08,0),('4197361601956','小女孩 涂色书',NULL,903,0,0.08,0),('9781409304937','sunny day activity book',NULL,904,0,0.10,0),('9781865049519','sall auay',NULL,905,0,0.12,0),('9780804836432','do mice eat rice',NULL,906,0,0.40,32),('51488005995','a big fat enormous lie',NULL,907,0,0.10,0),('9781862336490','don’t let the aliens get my',NULL,908,0,0.40,0),('9780153650840','night shift daddy',NULL,909,0,0.10,0),('9780889712485','my vacourver sketchbook',NULL,910,0,0.15,0),('9781595833846','funny dog ABC',NULL,911,0,0.20,0),('9781405340823','brain busters',NULL,912,0,0.10,16),('9781405340830','body bits belly buttons',NULL,913,0,0.10,16),('9780618062652','frindle',NULL,914,0,0.12,105),('9780330403191','the simpsons',NULL,915,0,0.10,0),('9781554541744','carefull bee',NULL,916,0,0.40,0),('9781554541737','are you my mommy ?',NULL,917,0,0.40,0),('9781843629900','posy',NULL,918,0,0.50,0),('9780525478843','skippy jonjones and big bones',NULL,919,0,0.40,0),('9780375837005','good sports',NULL,920,0,0.40,0),('9780439928267','oliver who would not sleep',NULL,921,0,0.40,0),('9780545211468','Lullaby Moon',NULL,922,0,0.60,0),('9780717147748','irish iegends sticker book',NULL,923,0,0.20,0),('9780746057360','usborn activities',NULL,924,0,0.14,0),('9780807509029','the brother\'s promise',NULL,925,0,0.14,0),('9780756629779','all around the farm',NULL,926,0,0.58,63),('9780143503538','anzac day parade',NULL,927,0,0.18,0),('27506904045','spongbob squarepants',NULL,928,0,0.22,0),('9780980531831','fregus joins the search',NULL,929,0,0.10,0),('9780763632847','do like a duck does',NULL,930,0,0.14,0),('9781551432274','no two snowflakes',NULL,931,0,0.16,0),('9780717124671','legends',NULL,932,0,0.55,63),('9780755479948','nursery rhumes',NULL,933,0,0.40,45),('9781840111347','trick of the tale',NULL,934,0,0.80,95),('9781848351226','the great big book of magic tricks',NULL,935,0,0.84,120),('9787500755456','克雷洛夫寓言',NULL,936,0,0.64,498),('415055330758','baby\'s record book',NULL,937,0,0.72,39),('9781845615239','my giant dress-up doll book',NULL,938,0,0.45,0),('9781842367827','sharks',NULL,939,0,0.14,24),('9787539743776','虹猫蓝兔火凤凰',NULL,940,0,0.22,48),('9780756655440','my first farm',NULL,941,0,0.50,0),('9780756636043','my first numbers',NULL,942,0,0.20,0),('9781435115224','my first farmyard tales',NULL,943,0,0.75,0),('9781840119732','welcome to the zoo',NULL,944,0,0.50,0),('681577304014','cirus ring leader',NULL,945,0,0.14,0),('9781842392348','the adventures of pinocchio',NULL,946,0,0.14,20),('9780805079890','I\'m a truck driver',NULL,947,0,0.45,0),('9781402755460','I\'m going to read!\nthe boy who cried wolf (level3)',NULL,948,0,0.10,0),('I\'M GOING TO READ!\n','I\'m going to read!\nI won\'t get to bed',NULL,949,0,0.10,0),('9780749653057','reading corner\na busy week',NULL,950,0,0.20,23),('9780749671402','reading corner \nwhizzy witch',NULL,951,0,0.20,23),('9780746074466','castles',NULL,952,0,0.20,32),('9781406319484','say goodnight',NULL,953,0,0.24,0),('9781406320701','ten little fingers and ten little toes',NULL,954,0,0.12,0),('9780755475469','the wonders of learning shapes glitter board book',NULL,955,0,NULL,0),('9781581175219','bye-bye pacitier!with lift-the-flaps',NULL,956,0,0.15,0),('9781581175226','bye-bye diaper!with lift-the-flaps',NULL,957,0,0.15,0),('9781741845372','baby\'s first snooze',NULL,958,0,0.20,0),('631248007058','curious kitties',NULL,959,0,0.20,0),('877495118448','curious acrobats',NULL,960,0,0.18,0),('9780141325538','the booktime book of fantastic first poems',NULL,961,0,0.15,27),('9789880027239','primary longman elect 1B',NULL,962,0,0.40,60),('9789880034695','primary longman elect 教师用书1B',NULL,963,0,0.40,30),('9789880027338','primary longman elect 6B',NULL,964,0,0.40,79),('776217021588','monster',NULL,965,0,0.66,0),('9780756657451','ultimate sticker collection',NULL,966,0,0.50,91),('9781405341462','star wars',NULL,967,0,0.48,0),('9781869507947','young gardener',NULL,968,0,0.20,63),('9780709717430','early readers',NULL,969,0,0.22,29),('9787539743783','虹猫蓝兔.经典故事',NULL,970,0,0.22,48),('9780316040501','the fairy princess',NULL,971,0,0.40,0),('9780811860246','only in dreams',NULL,972,0,0.40,0),('9780316034777','hanukkah!',NULL,973,0,0.32,0),('9780982027899','a holiday quest',NULL,974,0,0.40,0),('9780755483242','fairy tales',NULL,975,0,0.40,42),('9781848102217','why does light bend?',NULL,976,0,0.20,18),('9780310707806','the legend of the sand doollar',NULL,977,0,0.50,0),('9781445101354','Up Close - T Rex',NULL,978,0,0.20,24),('9781445101309','Up Close - Dinosaurs',NULL,979,0,0.20,24),('9781445101705','Up Close - Giant Dinosaurs',NULL,980,0,0.20,24),('9781841936611','predators',NULL,981,0,0.20,16),('9781848370937','spiders',NULL,982,0,0.20,16),('9781445101293','Up Close - Speed Machines',NULL,983,0,0.20,24),('9781445101323','Up Close - Monster Trucks',NULL,984,0,0.20,24),('9781445101347','Up Close - Snakes',NULL,985,0,0.20,24),('9781445101286','Up Close - Pirates',NULL,986,0,0.20,24),('9781445101330','Up Close - Space',NULL,987,0,0.20,24),('9781741048384','Lonely Planet - A Year of Adventure',NULL,1001,0,NULL,NULL),('9780192763075','Dragon Poem',NULL,1051,0,NULL,0),('WHAT_K_NEED_KNOW','What your Kindergarten Need  to Know',NULL,1052,0,NULL,0),('ANIMAL_MAZE','Animal Maze',NULL,1053,0,NULL,0),('U_ARE_WHAT_U_EAT','You are What You Eat',NULL,1054,0,NULL,0),('BIRDIE_BIG_SHOE','Birdie\'s Big Girl Shoes',NULL,1055,0,NULL,0),('PEEPO','Peepo',NULL,1056,0,NULL,0),('9781416950431','Macmillan First Dictionary',NULL,1101,0,NULL,0),('YIPPEE_R_TB','Yippee Red Teacher Book',NULL,1151,0,NULL,0),('YIPPEE_R_FC','Yippee Red Flashcard',NULL,1152,0,NULL,0),('YIPPEE_R_IS','Yippee Red Interactive Software',NULL,1153,0,NULL,0),('9789604435265','Get Smart 1 Student Book',NULL,1201,0,NULL,0),('9789604435272','Get Smart 1 Workbook',NULL,1202,0,NULL,0),('9789604435333','Get Smart 2 Workbook',NULL,1203,0,NULL,0),('9789604435340','Get Smart 2 Teacher Book',NULL,1204,0,NULL,0),('9789604435432','Get Smart 4 Workbook',NULL,1205,0,NULL,0),('LOVE_ENG_S2_DVD_WIG','Love English S2 Wiggling DVD',NULL,1251,0,NULL,0),('LVcard-S1','Love English Starter1 字卡',NULL,1301,0,NULL,0),('LVcard-S2','Love English Starter2 字卡',NULL,1302,0,NULL,0),('LVcard-1','Love English level 1 字卡',NULL,1303,0,NULL,0),('LVcard-2','Love English level 2 字卡',NULL,1304,0,NULL,0),('LVcard-3','Love English level 3 字卡',NULL,1305,0,NULL,0),('LVcard-4','Love English level 4 字卡',NULL,1306,0,NULL,0),('LVcard-5','Love English level 5 字卡',NULL,1307,0,NULL,0),('LVcard-6','Love English level 6 字卡',NULL,1308,0,NULL,0),('3H_G1_SET','3H G1 Student Set',NULL,1351,1,NULL,0),('3H_G2_SET','3H G2 Student Set',NULL,1352,1,NULL,0),('978960439448','Traveller Beginner Workbook',NULL,1401,0,NULL,0),('TFKIDS_ALPHABET','Time For Kids Alphabets',NULL,1451,0,NULL,0),('TFKIDS_WORD_FAM','Time For Kids Word Families',NULL,1452,0,NULL,0),('TFKIDS_10_14','Time For Kids 1.0 - 1.4',NULL,1453,0,NULL,0),('TFKIDS_15_19','Time For Kids 1.5 - 1.9',NULL,1454,0,NULL,0),('TFKIDS_20_24','Time For Kids 2.0 - 2.4',NULL,1455,0,NULL,0),('TFKIDS_25_29','Time For Kids 2.5 - 2.9',NULL,1456,0,NULL,0),('TFKIDS_30_34','Time For Kids 3.0 - 3.4',NULL,1457,0,NULL,0);
/*!40000 ALTER TABLE `profile_book` ENABLE KEYS */;
UNLOCK TABLES;

--
-- Table structure for table `profile_book_set`
--

DROP TABLE IF EXISTS `profile_book_set`;
/*!40101 SET @saved_cs_client     = @@character_set_client */;
/*!40101 SET character_set_client = utf8 */;
CREATE TABLE `profile_book_set` (
  `book_set` int(11) NOT NULL,
  `book` int(11) NOT NULL,
  `count` int(5) NOT NULL DEFAULT '1',
  `percent` decimal(10,2) NOT NULL DEFAULT '1.00',
  PRIMARY KEY (`book_set`,`book`),
  KEY `fk_book_set` (`book_set`),
  KEY `fk_book` (`book`),
  CONSTRAINT `fk_book` FOREIGN KEY (`book`) REFERENCES `profile_book` (`oid`) ON DELETE NO ACTION ON UPDATE NO ACTION,
  CONSTRAINT `fk_book_set` FOREIGN KEY (`book_set`) REFERENCES `profile_book` (`oid`) ON DELETE NO ACTION ON UPDATE NO ACTION
) ENGINE=InnoDB DEFAULT CHARSET=utf8;
/*!40101 SET character_set_client = @saved_cs_client */;

--
-- Dumping data for table `profile_book_set`
--

LOCK TABLES `profile_book_set` WRITE;
/*!40000 ALTER TABLE `profile_book_set` DISABLE KEYS */;
INSERT INTO `profile_book_set` VALUES (8,5,1,1.00),(8,6,1,1.00),(8,7,1,1.00),(15,12,1,1.00),(15,13,1,1.00),(15,14,1,1.00),(16,9,1,1.00),(16,10,1,1.00),(16,11,1,1.00),(701,29,1,1.00),(701,30,1,1.00),(701,31,1,1.00),(701,32,1,1.00),(701,33,1,1.00),(701,34,1,1.00),(702,35,1,1.00),(702,36,1,1.00),(702,37,1,1.00),(702,38,1,1.00),(702,39,1,1.00),(702,40,1,1.00),(703,61,1,1.00),(703,62,1,1.00),(704,63,1,1.00),(704,454,1,1.00),(705,69,1,1.00),(705,70,1,1.00),(706,65,1,1.00),(706,66,1,1.00),(707,59,1,1.00),(707,67,1,1.00),(708,60,1,1.00),(708,68,1,1.00),(709,59,1,100.00),(709,60,1,100.00),(709,61,1,1.00),(709,62,1,100.00),(709,63,1,100.00),(709,65,1,100.00),(709,66,1,1.00),(709,67,1,1.00),(709,68,1,1.00),(709,69,1,1.00),(709,70,1,100.00),(709,454,1,1.00),(710,59,1,100.00),(710,60,1,100.00),(710,61,1,1.00),(710,62,1,100.00),(710,63,1,100.00),(710,64,1,100.00),(710,65,1,100.00),(710,66,1,1.00),(710,67,1,1.00),(710,68,1,1.00),(710,69,1,1.00),(710,70,1,100.00),(710,453,1,100.00),(710,454,1,1.00),(752,308,1,100.00),(752,309,1,5.00),(752,310,1,100.00),(752,311,1,100.00),(752,312,1,5.00),(752,751,1,5.00),(1351,49,1,160.00),(1351,50,1,20.00),(1352,52,1,20.00),(1352,53,1,160.00);
/*!40000 ALTER TABLE `profile_book_set` ENABLE KEYS */;
UNLOCK TABLES;

--
-- Table structure for table `profile_borrower`
--

DROP TABLE IF EXISTS `profile_borrower`;
/*!40101 SET @saved_cs_client     = @@character_set_client */;
/*!40101 SET character_set_client = utf8 */;
CREATE TABLE `profile_borrower` (
  `oid` int(11) NOT NULL,
  `contact` int(11) DEFAULT NULL,
  `name` varchar(45) NOT NULL,
  `company` varchar(45) DEFAULT NULL,
  PRIMARY KEY (`oid`),
  KEY `br_fk_ct` (`contact`),
  CONSTRAINT `br_fk_ct` FOREIGN KEY (`contact`) REFERENCES `common_contact` (`oid`) ON DELETE NO ACTION ON UPDATE NO ACTION
) ENGINE=InnoDB DEFAULT CHARSET=utf8;
/*!40101 SET character_set_client = @saved_cs_client */;

--
-- Dumping data for table `profile_borrower`
--

LOCK TABLES `profile_borrower` WRITE;
/*!40000 ALTER TABLE `profile_borrower` DISABLE KEYS */;
/*!40000 ALTER TABLE `profile_borrower` ENABLE KEYS */;
UNLOCK TABLES;

--
-- Table structure for table `profile_customer`
--

DROP TABLE IF EXISTS `profile_customer`;
/*!40101 SET @saved_cs_client     = @@character_set_client */;
/*!40101 SET character_set_client = utf8 */;
CREATE TABLE `profile_customer` (
  `oid` int(11) NOT NULL,
  `customer_id` varchar(45) NOT NULL,
  `source` varchar(45) NOT NULL,
  `description` text,
  PRIMARY KEY (`oid`)
) ENGINE=InnoDB DEFAULT CHARSET=utf8;
/*!40101 SET character_set_client = @saved_cs_client */;

--
-- Dumping data for table `profile_customer`
--

LOCK TABLES `profile_customer` WRITE;
/*!40000 ALTER TABLE `profile_customer` DISABLE KEYS */;
INSERT INTO `profile_customer` VALUES (1,'duxinzhu05','TAOBAO',NULL),(2,'ellenliang1103','TAOBAO',NULL),(3,'远和乐','TAOBAO',NULL),(4,'tb8861993_2011','TAOBAO',NULL),(5,'linbo_ma','TAOBAO',NULL),(6,'流星雨又来临25','TAOBAO',NULL),(51,'shelly198252280','TAOBAO',NULL),(52,'cherryixin144','TAOBAO',NULL),(53,'lilx88cl','TAOBAO',NULL),(54,'ctlab','TAOBAO',NULL),(55,'冷买天下','TAOBAO',NULL),(56,'angel_fenglan','TAOBAO',NULL),(57,'violetfy2005','TAOBAO',NULL),(58,'huangjunyixiaoqing','TAOBAO',NULL),(59,'cancan0736','TAOBAO',NULL),(60,'xiangjingling333','TAOBAO',NULL),(61,'shengsiyu88','TAOBAO',NULL),(62,'巧克力之王','TAOBAO',NULL),(63,'绿吧吧','TAOBAO',NULL),(64,'shelly198252280','TAOBAO',NULL),(65,'lilx88cl','TAOBAO',NULL),(66,'kxgz7567','TAOBAO',NULL),(67,'e品清凉','TAOBAO',NULL),(68,'cherryixin144','TAOBAO',NULL),(69,'liubowen81','TAOBAO',NULL),(70,'rain_bloom','TAOBAO',NULL),(71,'lwlxy_2007','TAOBAO',NULL),(72,'cancan0736','TAOBAO',NULL),(73,'huangjunyixiaoqing','TAOBAO',NULL),(101,'萨薇国际时尚','TAOBAO',NULL),(102,'yongmeiwei','TAOBAO',NULL),(103,'yongmeiwei','TAOBAO',NULL),(104,'sheena8806','TAOBAO',NULL),(151,'winne8899','TAOBAO',NULL),(152,'蔓蔓凉1982','TAOBAO',NULL),(153,'杨慧颖','TAOBAO',NULL),(201,'晋源阳阳','TAOBAO',NULL),(202,'yejiajing46','TAOBAO',NULL),(203,'yeliqian2009','TAOBAO',NULL),(204,'ouyang242wyz','TAOBAO',NULL),(205,'tb3200496','TAOBAO',NULL),(206,'ju5688','TAOBAO',NULL),(207,'暗蓝yu夜','TAOBAO',NULL),(251,'supermummy_xlj','TAOBAO',NULL),(252,'阿妙吹灯','TAOBAO',NULL),(253,'jeneeyerjy','TAOBAO',NULL),(254,'sherryxlxl','TAOBAO',NULL),(255,'larinaren','TAOBAO',NULL),(301,'黑眼睛豆豆1','TAOBAO',NULL),(302,'juliet30','TAOBAO',NULL),(303,'米袋yan','TAOBAO',NULL),(304,'米袋yan','TAOBAO',NULL),(305,'zhangxin5567','TAOBAO',NULL),(306,'米袋yan','TAOBAO',NULL),(307,'米袋yan','TAOBAO',NULL),(308,'指染流年22','TAOBAO',NULL),(309,'coolmoon78','TAOBAO',NULL),(310,'elin991230','TAOBAO',NULL),(311,'coolmoon78','TAOBAO',NULL),(312,'白胖小熊','TAOBAO',NULL),(313,'白胖小熊','TAOBAO',NULL),(351,'我佛保佑788','TAOBAO',NULL),(352,'毛毛serena','TAOBAO',NULL),(353,'biubiuchen0227','TAOBAO',NULL),(354,'sowiesopp','TAOBAO',NULL),(355,'yuepingjiang_2008','TAOBAO',NULL),(401,'lnastb','TAOBAO',NULL),(402,'天邊的味道','TAOBAO',NULL),(403,'helentyaya','TAOBAO',NULL),(404,'lingoz','TAOBAO',NULL),(451,'小煎鱼','TAOBAO',NULL),(452,'小煎鱼','TAOBAO',NULL),(453,'1987mxy','TAOBAO',NULL),(454,'小煎鱼','TAOBAO',NULL),(501,'n154237603','TAOBAO',NULL),(502,'n154237603','TAOBAO',NULL),(503,'n154237603','TAOBAO',NULL),(504,'chenxd06','TAOBAO',NULL),(551,'sovernor','TAOBAO',NULL),(552,'violet8177','TAOBAO',NULL),(553,'violet8177','TAOBAO',NULL),(554,'ptrui','TAOBAO',NULL),(555,'crystalzhang9762','TAOBAO',NULL),(601,'xiaoyu6688','TAOBAO',NULL),(651,'maggie_bjue','TAOBAO',NULL),(652,'tb_4314838','TAOBAO',NULL),(653,'endeavor','TAOBAO',NULL),(654,'悠悠的鱼200','TAOBAO',NULL),(655,'julina_sissi','TAOBAO',NULL),(656,'寄雨悠然','TAOBAO',NULL),(657,'julina_sissi','TAOBAO',NULL),(658,'tianzifang','TAOBAO',NULL),(659,'qhdwzhsh','TAOBAO',NULL),(660,'hbean07','TAOBAO',NULL),(661,'金水相涵520','TAOBAO',NULL),(662,'seti2011jh','TAOBAO',NULL),(701,'金德承','TAOBAO',NULL),(702,'tiaratt','TAOBAO',NULL),(703,'jiji19821208','TAOBAO',NULL),(704,'kittyling530','TAOBAO',NULL),(705,'kenelin','TAOBAO',NULL),(706,'lggzcds','TAOBAO',NULL),(707,'人在尘嚣','TAOBAO',NULL),(708,'人在尘嚣','TAOBAO',NULL),(709,'九_卿','TAOBAO',NULL),(710,'lggzcds','TAOBAO',NULL),(751,'胖胖周zy','TAOBAO',NULL),(752,'candiceshi','TAOBAO',NULL),(753,'赵俊zhaojun','TAOBAO',NULL),(754,'xjcye','TAOBAO',NULL),(755,'leoboy1980','TAOBAO',NULL),(756,'minami_xu','TAOBAO',NULL),(757,'张语航','TAOBAO',NULL),(758,'gaoyx765','TAOBAO',NULL),(759,'迈阿密dd','TAOBAO',NULL),(760,'天坤宝宝','TAOBAO',NULL),(761,'szy62988','TAOBAO',NULL),(762,'dxj22','TAOBAO',NULL),(801,'黄蔚','TAOBAO',NULL),(851,'云中云中云','TAOBAO',NULL),(852,'zhuzhutzotzo80','TAOBAO',NULL),(853,'不变的猪猪','TAOBAO',NULL),(854,'小狗乖乖2006','TAOBAO',NULL),(855,'wjl2329','TAOBAO',NULL),(901,'shanghaicoke','TAOBAO',NULL),(902,'hstjjccx','TAOBAO',NULL),(903,'augustusyan','TAOBAO',NULL),(904,'yuryu','TAOBAO',NULL),(905,'孙世映','TAOBAO',NULL),(951,'fffshirui','TAOBAO',NULL),(952,'congmingbb','TAOBAO',NULL),(1001,'木与而118','TAOBAO',NULL),(1002,'luopeng0817','TAOBAO',NULL),(1003,'hxxmemory','TAOBAO',NULL),(1004,'lisa20010321','TAOBAO',NULL),(1005,'zhuxiaolan9','TAOBAO',NULL),(1006,'狮子豹子和小狗','TAOBAO',NULL),(1051,'ok鹏飞','TAOBAO',NULL),(1052,'xiaotuzi714','TAOBAO',NULL),(1053,'alabbe','TAOBAO',NULL),(1054,'牡丹花20080320','TAOBAO',NULL),(1055,'lydialiu2','TAOBAO',NULL),(1056,'gxrgbr','TAOBAO',NULL),(1057,'mymelody_vv','TAOBAO',NULL),(1101,'monika777903','TAOBAO',NULL),(1102,'petal-w','TAOBAO',NULL),(1103,'fjhbgy','TAOBAO',NULL),(1104,'o零點久久','TAOBAO',NULL),(1105,'dion_lei','TAOBAO',NULL),(1106,'浪漫艾米','TAOBAO',NULL),(1107,'爱上随便漂漂','TAOBAO',NULL),(1108,'jeducation','TAOBAO',NULL),(1109,'kasiazhou','TAOBAO',NULL),(1110,'磨山的云','TAOBAO',NULL),(1111,'heat13可萱','TAOBAO',NULL),(1112,'德佳521','TAOBAO',NULL),(1113,'qiaoqiaochen2','TAOBAO',NULL),(1114,'graceni','TAOBAO',NULL),(1115,'guitarfans1976','TAOBAO',NULL),(1116,'ella73912','TAOBAO',NULL),(1117,'dicknoya','TAOBAO',NULL),(1118,'junpingr','TAOBAO',NULL),(1119,'cdxld2000','TAOBAO',NULL),(1120,'hatiily','TAOBAO',NULL),(1121,'相思成灰心如玉','TAOBAO',NULL),(1122,'tb_4510546','TAOBAO',NULL),(1123,'jinzimama060608','TAOBAO',NULL),(1124,'whldp88','TAOBAO',NULL),(1125,'poly_198108','TAOBAO',NULL),(1126,'1钢铁诱惑','TAOBAO',NULL);
/*!40000 ALTER TABLE `profile_customer` ENABLE KEYS */;
UNLOCK TABLES;

--
-- Table structure for table `profile_supplier`
--

DROP TABLE IF EXISTS `profile_supplier`;
/*!40101 SET @saved_cs_client     = @@character_set_client */;
/*!40101 SET character_set_client = utf8 */;
CREATE TABLE `profile_supplier` (
  `oid` int(11) NOT NULL,
  `source` varchar(45) NOT NULL,
  `id` varchar(45) NOT NULL,
  `name` varchar(100) DEFAULT NULL,
  `description` text,
  PRIMARY KEY (`oid`)
) ENGINE=InnoDB DEFAULT CHARSET=utf8;
/*!40101 SET character_set_client = @saved_cs_client */;

--
-- Dumping data for table `profile_supplier`
--

LOCK TABLES `profile_supplier` WRITE;
/*!40000 ALTER TABLE `profile_supplier` DISABLE KEYS */;
INSERT INTO `profile_supplier` VALUES (1,'TAOBAO','void',NULL,NULL),(51,'TAOBAO','普林斯顿',NULL,NULL),(101,'TAOBAO','外文书店',NULL,NULL),(151,'TAOBAO','ibridge',NULL,NULL),(201,'TAOBAO','prinston',NULL,NULL);
/*!40000 ALTER TABLE `profile_supplier` ENABLE KEYS */;
UNLOCK TABLES;

--
-- Table structure for table `profile_user`
--

DROP TABLE IF EXISTS `profile_user`;
/*!40101 SET @saved_cs_client     = @@character_set_client */;
/*!40101 SET character_set_client = utf8 */;
CREATE TABLE `profile_user` (
  `oid` int(11) NOT NULL,
  `role` int(11) NOT NULL,
  `id` varchar(20) NOT NULL,
  `ency_pass` varchar(128) NOT NULL,
  `last_login_date` datetime DEFAULT NULL,
  PRIMARY KEY (`oid`),
  UNIQUE KEY `uk_id` (`id`) USING BTREE
) ENGINE=InnoDB DEFAULT CHARSET=utf8;
/*!40101 SET character_set_client = @saved_cs_client */;

--
-- Dumping data for table `profile_user`
--

LOCK TABLES `profile_user` WRITE;
/*!40000 ALTER TABLE `profile_user` DISABLE KEYS */;
/*!40000 ALTER TABLE `profile_user` ENABLE KEYS */;
UNLOCK TABLES;

--
-- Table structure for table `store_entry`
--

DROP TABLE IF EXISTS `store_entry`;
/*!40101 SET @saved_cs_client     = @@character_set_client */;
/*!40101 SET character_set_client = utf8 */;
CREATE TABLE `store_entry` (
  `oid` int(11) NOT NULL,
  `site` int(11) NOT NULL,
  `count` int(11) NOT NULL,
  `locked_count` int(11) NOT NULL DEFAULT '0',
  `unit_price` decimal(10,2) NOT NULL,
  `book_oid` int(11) NOT NULL,
  PRIMARY KEY (`oid`),
  KEY `se_fk_site` (`site`),
  KEY `se_fk_book` (`book_oid`),
  CONSTRAINT `se_fk_book` FOREIGN KEY (`book_oid`) REFERENCES `profile_book` (`oid`) ON DELETE NO ACTION ON UPDATE NO ACTION,
  CONSTRAINT `se_fk_site` FOREIGN KEY (`site`) REFERENCES `store_site` (`oid`) ON DELETE NO ACTION ON UPDATE NO ACTION
) ENGINE=InnoDB DEFAULT CHARSET=utf8;
/*!40101 SET character_set_client = @saved_cs_client */;

--
-- Dumping data for table `store_entry`
--

LOCK TABLES `store_entry` WRITE;
/*!40000 ALTER TABLE `store_entry` DISABLE KEYS */;
INSERT INTO `store_entry` VALUES (1,1,1,0,37.50,428),(2,1,1,0,180.00,501),(3,1,1,0,98.00,403),(4,1,1,0,35.00,366),(5,1,1,0,85.00,341),(6,1,31,0,4.84,68),(7,1,1,0,68.00,407),(8,1,2,0,120.00,26),(9,1,1,0,165.00,51),(10,1,2,0,265.00,106),(11,1,2,0,30.00,33),(12,1,2,0,44.00,504),(13,1,2,0,60.00,152),(14,1,1,0,50.00,379),(15,1,1,0,265.00,101),(16,1,1,0,48.00,343),(17,1,1,0,120.00,25),(18,1,2,0,60.00,156),(19,1,2,0,45.00,36),(20,1,5,0,30.00,31),(21,1,1,0,37.50,429),(22,1,12,0,30.00,34),(23,1,1,0,50.00,380),(24,1,1,0,37.50,427),(25,1,1,0,50.00,382),(26,1,1,0,80.00,53),(27,1,3,0,265.00,105),(28,1,2,0,45.00,35),(29,1,3,0,95.00,416),(30,1,1,0,85.00,318),(31,1,1,0,105.60,12),(32,1,1,0,80.00,48),(33,1,1,0,48.00,474),(34,1,1,0,60.00,4),(35,1,1,0,98.00,371),(36,1,1,0,85.00,342),(37,1,19,0,45.00,40),(38,1,1,0,30.00,374),(39,1,3,0,60.00,155),(40,1,2,0,60.00,151),(41,1,1,0,50.00,437),(42,1,1,0,105.60,7),(43,1,1,0,120.00,158),(44,1,1,0,200.00,3),(45,1,1,0,105.60,10),(46,1,1,0,90.00,41),(47,1,1,0,108.00,58),(48,1,1,0,98.00,370),(49,1,1,0,68.00,413),(50,1,3,0,60.00,157),(51,1,1,0,105.60,11),(52,1,2,0,48.00,510),(53,1,1,0,105.60,9),(54,1,1,0,68.00,411),(55,1,33,0,59.55,62),(56,1,31,0,5.16,69),(57,1,1,0,85.00,328),(58,1,11,0,30.00,30),(59,1,1,0,50.00,414),(60,1,1,0,45.00,52),(61,1,13,0,30.00,29),(62,1,1,0,80.00,47),(63,1,1,0,108.00,56),(64,1,1,0,120.00,201),(65,1,3,0,48.00,329),(66,1,1,0,50.00,436),(67,1,2,0,35.00,361),(68,1,1,0,44.00,420),(69,1,5,0,120.00,460),(70,1,2,0,60.00,153),(71,1,1,0,200.00,483),(72,1,1,0,50.00,381),(73,1,1,0,50.00,377),(74,1,1,0,95.00,507),(75,1,1,0,85.00,319),(76,1,1,0,105.60,6),(77,1,1,0,88.00,417),(78,1,1,0,105.60,13),(79,1,1,0,55.00,65),(80,1,1,0,68.00,409),(81,1,1,0,66.00,425),(82,1,1,0,120.00,28),(83,1,1,0,450.00,44),(84,1,2,0,35.00,363),(85,1,1,0,105.60,14),(86,1,2,0,35.00,362),(87,1,1,0,98.00,402),(88,1,1,0,42.00,503),(89,1,1,0,95.00,508),(90,1,1,0,68.00,406),(91,1,1,0,37.50,434),(92,1,31,0,5.16,67),(93,1,17,0,45.00,39),(94,1,1,0,80.00,49),(95,1,1,0,60.00,154),(96,1,2,0,120.00,27),(97,1,1,0,66.00,426),(98,1,1,0,265.00,103),(99,1,1,0,37.50,435),(100,1,1,0,50.00,378),(101,1,33,0,5.45,61),(102,1,1,0,265.00,102),(103,1,17,0,45.00,38),(104,1,2,0,48.00,477),(105,1,1,0,105.60,5),(106,1,1,0,48.00,473),(107,1,31,0,58.39,59),(108,1,1,0,37.50,432),(109,1,1,0,60.00,2),(110,1,2,0,95.00,509),(111,1,1,0,85.00,327),(112,1,1,0,90.00,42),(113,1,2,0,35.00,360),(114,1,31,0,59.84,64),(115,1,1,0,450.00,46),(116,1,2,0,30.00,32),(117,1,1,0,10.00,66),(118,1,21,0,59.76,453),(119,1,1,0,108.00,57),(120,1,1,0,450.00,45),(121,1,1,0,48.00,471),(122,1,1,0,180.00,505),(123,1,1,0,37.50,431),(124,1,1,0,88.00,502),(125,1,1,0,48.00,511),(126,1,1,0,48.00,513),(127,1,1,0,90.00,43),(128,1,1,0,98.00,367),(129,1,1,0,45.00,50),(130,1,1,0,85.00,317),(131,1,1,0,45.00,55),(132,1,1,0,37.50,433),(133,1,31,0,59.84,60),(134,1,1,0,37.50,430),(135,1,31,0,59.84,70),(136,1,18,0,45.00,37),(137,1,1,0,55.00,453),(138,1,1,0,265.00,104),(139,1,1,0,45.00,54),(140,1,1,0,48.00,512),(141,1,2,0,200.00,1),(142,1,2,0,68.00,408),(143,1,19,0,330.00,455),(144,1,1,0,95.00,506),(145,3,7,0,50.00,438),(146,3,3,0,60.00,12),(147,3,64,0,30.00,33),(148,3,52,0,30.00,34),(149,3,193,0,40.00,360),(150,3,58,0,45.00,39),(151,3,5,0,60.00,13),(152,3,47,0,30.00,32),(153,3,2,0,200.00,483),(154,3,152,0,40.00,362),(155,3,47,0,200.00,1),(156,3,30,0,200.00,11),(157,3,161,0,40.00,363),(158,3,68,0,30.00,30),(159,3,106,0,45.00,35),(160,3,8,0,60.00,9),(161,3,14,0,92.50,42),(162,3,7,0,50.00,439),(163,3,11,0,60.00,302),(164,3,3,0,50.00,441),(165,3,27,0,200.00,5),(166,3,19,0,200.00,251),(167,3,10,0,230.00,482),(168,3,62,0,30.00,31),(169,3,2,0,50.00,443),(170,3,60,0,45.00,40),(171,3,4,0,50.00,437),(172,3,2,0,60.00,6),(173,3,61,0,45.00,38),(174,3,59,0,45.00,37),(175,3,4,0,50.00,436),(176,3,25,0,200.00,14),(177,3,1,0,60.00,2),(178,3,104,0,45.00,36),(179,3,7,0,398.00,301),(180,3,6,0,50.00,442),(181,3,47,0,30.00,29),(182,3,196,0,40.00,361),(183,3,8,0,60.00,10),(184,3,11,0,92.50,43),(185,3,2,0,60.00,7),(186,3,3,0,50.00,440),(201,2,2,0,104.00,651),(202,2,-1,0,59.35,63),(203,2,24,0,8.39,61),(204,2,1,0,104.00,652),(205,2,18,0,56.97,64),(206,2,3,0,103.33,452),(207,2,2,0,55.56,65),(208,2,4,0,58.85,453),(209,2,0,0,5.83,454),(210,2,-5,0,5.45,69),(211,2,2,0,104.00,56),(212,2,3,0,9.50,66),(213,2,3,0,103.33,58),(214,2,-5,0,59.55,70),(215,2,2,0,104.00,57),(216,2,20,0,56.79,62),(251,2,15,0,30.00,432),(252,2,8,0,50.00,443),(253,2,3,0,65.00,347),(254,2,5,0,85.00,370),(255,2,3,0,65.00,316),(256,2,3,0,65.00,343),(257,2,4,0,65.00,355),(258,2,1,0,48.00,475),(259,2,2,0,65.00,344),(260,2,1,0,65.00,350),(261,2,3,0,65.00,351),(262,2,11,0,45.00,257),(263,2,6,0,68.00,411),(264,2,12,0,45.00,52),(265,2,57,0,5.00,309),(266,2,3,0,65.00,334),(267,2,1,0,98.00,402),(268,2,4,0,85.00,369),(269,2,2,0,58.00,467),(270,2,20,0,45.00,39),(271,2,5,0,85.00,368),(272,2,2,0,58.00,461),(273,2,10,0,45.00,255),(274,2,2,0,65.00,324),(275,2,3,0,58.00,465),(276,2,2,0,45.00,50),(277,2,3,0,65.00,314),(278,2,5,0,45.00,55),(279,2,5,0,50.00,380),(280,2,11,0,80.00,254),(281,2,6,0,10.00,67),(282,2,4,0,98.00,401),(283,2,4,0,85.00,367),(284,2,-1,0,68.00,406),(285,2,1,0,150.00,260),(286,2,4,0,65.00,326),(287,2,3,0,65.00,357),(288,2,2,0,48.00,471),(289,2,2,0,80.00,47),(290,2,6,0,85.00,366),(291,2,4,0,450.00,306),(292,2,6,0,55.00,60),(293,2,12,0,69.33,415),(294,2,3,0,65.00,330),(295,2,13,0,30.00,373),(296,2,-23,0,30.00,33),(297,2,11,0,69.64,425),(298,2,-4,0,30.00,29),(299,2,2,0,48.00,477),(300,2,15,0,30.00,435),(301,2,6,0,68.00,408),(302,2,3,0,65.00,331),(303,2,8,0,50.00,442),(304,2,2,0,48.00,472),(305,2,4,0,65.00,325),(306,2,15,0,85.00,365),(307,2,15,0,30.00,433),(308,2,8,0,50.00,438),(309,2,17,0,40.00,363),(310,2,4,0,65.00,319),(311,2,5,0,68.00,412),(312,2,2,0,50.00,445),(313,2,19,0,45.00,36),(314,2,-4,0,40.00,310),(315,2,1,0,200.00,3),(316,2,28,0,30.00,376),(317,2,2,0,85.00,457),(318,2,17,0,90.00,42),(319,2,22,0,40.00,362),(320,2,3,0,65.00,340),(321,2,15,0,30.00,429),(322,2,4,0,65.00,354),(323,2,45,0,40.00,311),(324,2,3,0,96.00,447),(325,2,11,0,47.64,423),(326,2,3,0,65.00,346),(327,2,6,0,65.00,329),(328,2,13,0,45.00,35),(329,2,3,0,65.00,336),(330,2,2,0,65.00,313),(331,2,7,0,65.00,345),(332,2,2,0,80.00,49),(333,2,12,0,47.33,418),(334,2,26,0,30.00,375),(335,2,-24,0,30.00,34),(336,2,3,0,65.00,333),(337,2,3,0,65.00,315),(338,2,4,0,450.00,304),(339,2,6,0,78.00,479),(340,2,2,0,65.00,349),(341,2,5,0,55.00,59),(342,2,20,0,45.00,38),(343,2,4,0,85.00,371),(344,2,3,0,65.00,356),(345,2,0,0,96.00,449),(346,2,4,0,102.50,416),(347,2,15,0,30.00,434),(348,2,40,0,5.00,312),(349,2,3,0,65.00,342),(350,2,1,0,98.00,403),(351,2,6,0,48.00,478),(352,2,1,0,88.00,417),(353,2,15,0,85.00,364),(354,2,3,0,450.00,305),(355,2,2,0,85.00,456),(356,2,1,0,120.00,253),(357,2,20,0,45.00,40),(358,2,-21,0,30.00,30),(359,2,2,0,50.00,414),(360,2,18,0,80.00,53),(361,2,27,0,30.00,374),(362,2,5,0,50.00,382),(363,2,2,0,58.00,469),(364,2,0,0,96.00,450),(365,2,1,0,48.00,480),(366,2,4,0,50.00,379),(367,2,2,0,58.00,468),(368,2,3,0,65.00,359),(369,2,4,0,450.00,307),(370,2,7,0,68.00,409),(371,2,2,0,65.00,320),(372,2,3,0,65.00,341),(373,2,3,0,50.00,437),(374,2,11,0,47.64,424),(375,2,4,0,68.00,413),(376,2,1,0,120.00,252),(377,2,-1,0,50.00,377),(378,2,3,0,65.00,327),(379,2,16,0,30.00,372),(380,2,20,0,45.00,37),(381,2,14,0,30.00,428),(382,2,4,0,65.00,318),(383,2,13,0,69.08,426),(384,2,5,0,10.00,68),(385,2,2,0,85.00,458),(386,2,1,0,96.00,451),(387,2,7,0,68.00,407),(388,2,3,0,65.00,323),(389,2,55,0,40.00,308),(390,2,-38,0,40.00,361),(391,2,12,0,80.00,258),(392,2,8,0,50.00,441),(393,2,0,0,96.00,448),(394,2,3,0,398.00,301),(395,2,1,0,48.00,473),(396,2,3,0,65.00,339),(397,2,1,0,48.00,474),(398,2,10,0,60.00,23),(399,2,3,0,128.00,459),(400,2,4,0,50.00,436),(401,2,2,0,65.00,338),(402,2,24,0,90.00,43),(403,2,3,0,65.00,332),(404,2,-20,0,40.00,360),(405,2,2,0,37.00,419),(406,2,8,0,50.00,439),(407,2,2,0,120.00,51),(408,2,10,0,30.00,430),(409,2,2,0,120.00,460),(410,2,2,0,450.00,44),(411,2,3,0,65.00,322),(412,2,1,0,30.00,427),(413,2,4,0,180.00,24),(414,2,1,0,96.00,446),(415,2,3,0,65.00,321),(416,2,3,0,65.00,328),(417,2,2,0,58.00,470),(418,2,16,0,30.00,431),(419,2,5,0,50.00,378),(420,2,2,0,65.00,337),(421,2,11,0,69.64,422),(422,2,1,0,450.00,46),(423,2,18,0,60.00,302),(424,2,2,0,58.00,463),(425,2,5,0,68.00,410),(426,2,3,0,65.00,335),(427,2,0,0,30.00,32),(428,2,6,0,60.00,2),(429,2,1,0,44.00,420),(430,2,3,0,65.00,358),(431,2,3,0,65.00,352),(432,2,4,0,65.00,317),(433,2,2,0,58.00,466),(434,2,0,0,330.00,455),(435,2,3,0,65.00,348),(436,2,4,0,80.00,54),(437,2,2,0,58.00,464),(438,2,11,0,45.00,259),(439,2,1,0,48.00,481),(440,2,1,0,98.00,405),(441,2,1,0,48.00,476),(442,2,-18,0,30.00,31),(443,2,11,0,69.64,421),(444,2,2,0,50.00,444),(445,2,8,0,50.00,440),(446,2,1,0,98.00,404),(447,2,3,0,58.00,462),(448,2,4,0,65.00,353),(449,2,2,0,80.00,48),(450,2,5,0,50.00,381),(451,2,4,0,90.00,41),(452,2,12,0,200.00,1),(453,2,1,0,450.00,45),(454,2,12,0,80.00,256),(455,2,0,0,60.00,303),(501,1,1,0,150.00,851),(502,1,1,1,170.00,852),(551,2,1,1,170.00,852),(601,2,-1,0,0.00,1056),(602,2,-1,0,0.00,906),(603,2,-5,0,0.00,953),(604,2,-1,0,0.00,921),(605,2,-4,0,0.00,954),(606,2,-1,0,0.00,938),(607,2,-1,0,0.00,971),(608,2,-1,0,0.00,1055),(609,2,-1,0,0.00,802),(610,2,-3,0,0.00,1001),(651,2,-1,0,0.00,959),(652,2,-2,0,0.00,958),(653,2,-1,0,0.00,939),(654,2,-1,0,0.00,1051),(655,2,-1,0,0.00,987),(656,2,-1,0,0.00,1053),(657,2,-3,0,0.00,947),(658,2,-1,0,0.00,979),(659,2,-1,0,0.00,978),(660,2,-1,0,0.00,551),(661,2,-1,0,0.00,604),(662,2,-1,0,0.00,10),(663,2,-1,0,0.00,606),(664,2,-1,0,0.00,552),(665,2,-1,0,0.00,9),(666,2,-1,0,0.00,603),(667,2,-1,0,0.00,602),(668,2,-1,0,0.00,605),(669,2,-1,0,0.00,14),(670,2,-2,0,0.00,251),(671,2,-2,0,0.00,5),(672,2,-1,0,0.00,11),(701,2,-1,0,0.00,914),(752,2,-1,0,0.00,1151),(754,2,-1,0,0.00,1153),(756,2,0,0,0.00,1152),(757,2,0,0,0.00,916),(758,2,-3,0,0.00,917),(759,2,-1,0,0.00,1054),(760,2,-1,0,0.00,601),(801,2,-1,0,0.00,1052),(851,2,-2,0,0.00,1101),(852,2,-1,0,0.00,972),(853,2,-1,0,0.00,944),(901,2,-1,0,0.00,801),(951,2,-1,0,0.00,1251),(952,2,-5,0,0.00,751),(1001,2,-1,0,0.00,1304),(1002,2,-1,0,0.00,1305),(1003,1,30,0,60.00,63),(1004,1,30,0,5.00,454),(1005,2,10,0,48.00,1205),(1006,2,3,0,105.00,508),(1007,2,3,0,105.00,1204),(1008,2,3,0,105.00,506),(1009,2,10,0,48.00,1203),(1010,2,10,0,70.00,1201),(1011,2,10,0,48.00,1202),(1012,2,3,0,105.00,507),(1013,2,3,0,105.00,509),(1051,2,-1,0,0.00,943),(1101,2,-1,0,0.00,1401),(1102,2,-1,0,0.00,986),(1151,2,-1,0,0.00,956),(1152,2,-1,0,0.00,957),(1201,2,-1,0,0.00,1454),(1202,2,-1,0,0.00,805),(1203,2,-1,0,0.00,804);
/*!40000 ALTER TABLE `store_entry` ENABLE KEYS */;
UNLOCK TABLES;

--
-- Table structure for table `store_site`
--

DROP TABLE IF EXISTS `store_site`;
/*!40101 SET @saved_cs_client     = @@character_set_client */;
/*!40101 SET character_set_client = utf8 */;
CREATE TABLE `store_site` (
  `oid` int(11) NOT NULL,
  `name` varchar(45) NOT NULL,
  `pref_seq` int(11) NOT NULL DEFAULT '0',
  `description` varchar(45) DEFAULT NULL,
  `valid` int(1) NOT NULL DEFAULT '1',
  `for_output` int(1) NOT NULL DEFAULT '1',
  PRIMARY KEY (`oid`)
) ENGINE=InnoDB DEFAULT CHARSET=utf8;
/*!40101 SET character_set_client = @saved_cs_client */;

--
-- Dumping data for table `store_site`
--

LOCK TABLES `store_site` WRITE;
/*!40000 ALTER TABLE `store_site` DISABLE KEYS */;
INSERT INTO `store_site` VALUES (1,'办公室',0,'地址:白兰路137弄绿洲广场A座1105室\n电话:021-60525439',1,0),(2,'发货仓',0,'地址:兰溪路21弄12号地下室\n电话:021-33606010',1,1),(3,'存货仓',0,'地址:兰溪路21弄12号地下室',1,0);
/*!40000 ALTER TABLE `store_site` ENABLE KEYS */;
UNLOCK TABLES;

--
-- Table structure for table `store_stock_alert`
--

DROP TABLE IF EXISTS `store_stock_alert`;
/*!40101 SET @saved_cs_client     = @@character_set_client */;
/*!40101 SET character_set_client = utf8 */;
CREATE TABLE `store_stock_alert` (
  `oid` int(11) NOT NULL,
  `site` int(11) DEFAULT NULL,
  `book_oid` int(11) NOT NULL,
  `warn_threshold` int(10) NOT NULL,
  `error_threshold` int(10) NOT NULL,
  PRIMARY KEY (`oid`),
  UNIQUE KEY `uk_booksite` (`site`,`book_oid`) USING BTREE,
  KEY `ssa_fk_book` (`book_oid`),
  KEY `ssa_fk_site` (`site`),
  CONSTRAINT `ssa_fk_book` FOREIGN KEY (`book_oid`) REFERENCES `profile_book` (`oid`),
  CONSTRAINT `ssa_fk_site` FOREIGN KEY (`site`) REFERENCES `store_site` (`oid`)
) ENGINE=InnoDB DEFAULT CHARSET=utf8;
/*!40101 SET character_set_client = @saved_cs_client */;

--
-- Dumping data for table `store_stock_alert`
--

LOCK TABLES `store_stock_alert` WRITE;
/*!40000 ALTER TABLE `store_stock_alert` DISABLE KEYS */;
/*!40000 ALTER TABLE `store_stock_alert` ENABLE KEYS */;
UNLOCK TABLES;

--
-- Table structure for table `store_stock_take`
--

DROP TABLE IF EXISTS `store_stock_take`;
/*!40101 SET @saved_cs_client     = @@character_set_client */;
/*!40101 SET character_set_client = utf8 */;
CREATE TABLE `store_stock_take` (
  `oid` int(11) NOT NULL,
  `site` int(11) NOT NULL,
  `st_number` varchar(30) NOT NULL,
  `status` int(1) NOT NULL,
  `create_date` datetime NOT NULL,
  `confirm_date` datetime DEFAULT NULL,
  `version` int(10) NOT NULL DEFAULT '0',
  PRIMARY KEY (`oid`),
  KEY `store_st_fk_site` (`site`),
  CONSTRAINT `store_st_fk_site` FOREIGN KEY (`site`) REFERENCES `store_site` (`oid`)
) ENGINE=InnoDB DEFAULT CHARSET=utf8;
/*!40101 SET character_set_client = @saved_cs_client */;

--
-- Dumping data for table `store_stock_take`
--

LOCK TABLES `store_stock_take` WRITE;
/*!40000 ALTER TABLE `store_stock_take` DISABLE KEYS */;
/*!40000 ALTER TABLE `store_stock_take` ENABLE KEYS */;
UNLOCK TABLES;

--
-- Table structure for table `store_stock_take_item`
--

DROP TABLE IF EXISTS `store_stock_take_item`;
/*!40101 SET @saved_cs_client     = @@character_set_client */;
/*!40101 SET character_set_client = utf8 */;
CREATE TABLE `store_stock_take_item` (
  `oid` int(11) NOT NULL,
  `header` int(11) NOT NULL,
  `current_count` int(10) NOT NULL,
  `expect_count` int(10) NOT NULL,
  `unit_price` decimal(10,2) NOT NULL,
  `book_oid` int(11) NOT NULL,
  PRIMARY KEY (`oid`),
  KEY `stoi_fk_header` (`header`),
  KEY `stoi_fk_book` (`book_oid`),
  CONSTRAINT `stoi_fk_book` FOREIGN KEY (`book_oid`) REFERENCES `profile_book` (`oid`),
  CONSTRAINT `stoi_fk_header` FOREIGN KEY (`header`) REFERENCES `store_stock_take` (`oid`)
) ENGINE=InnoDB DEFAULT CHARSET=utf8;
/*!40101 SET character_set_client = @saved_cs_client */;

--
-- Dumping data for table `store_stock_take_item`
--

LOCK TABLES `store_stock_take_item` WRITE;
/*!40000 ALTER TABLE `store_stock_take_item` DISABLE KEYS */;
/*!40000 ALTER TABLE `store_stock_take_item` ENABLE KEYS */;
UNLOCK TABLES;

--
-- Table structure for table `store_trans_item`
--

DROP TABLE IF EXISTS `store_trans_item`;
/*!40101 SET @saved_cs_client     = @@character_set_client */;
/*!40101 SET character_set_client = utf8 */;
CREATE TABLE `store_trans_item` (
  `oid` int(11) NOT NULL,
  `header` int(11) NOT NULL,
  `count` int(11) NOT NULL,
  `book_oid` int(11) NOT NULL,
  PRIMARY KEY (`oid`),
  KEY `fk_header` (`header`),
  KEY `sti_fk_book` (`book_oid`),
  CONSTRAINT `fk_header` FOREIGN KEY (`header`) REFERENCES `store_transfer` (`oid`) ON DELETE NO ACTION ON UPDATE NO ACTION,
  CONSTRAINT `sti_fk_book` FOREIGN KEY (`book_oid`) REFERENCES `profile_book` (`oid`) ON DELETE NO ACTION ON UPDATE NO ACTION
) ENGINE=InnoDB DEFAULT CHARSET=utf8;
/*!40101 SET character_set_client = @saved_cs_client */;

--
-- Dumping data for table `store_trans_item`
--

LOCK TABLES `store_trans_item` WRITE;
/*!40000 ALTER TABLE `store_trans_item` DISABLE KEYS */;
INSERT INTO `store_trans_item` VALUES (1,1,1,852);
/*!40000 ALTER TABLE `store_trans_item` ENABLE KEYS */;
UNLOCK TABLES;

--
-- Table structure for table `store_transfer`
--

DROP TABLE IF EXISTS `store_transfer`;
/*!40101 SET @saved_cs_client     = @@character_set_client */;
/*!40101 SET character_set_client = utf8 */;
CREATE TABLE `store_transfer` (
  `oid` int(11) NOT NULL,
  `tr_number` varchar(45) NOT NULL,
  `create_date` datetime NOT NULL,
  `expect_action_date` datetime DEFAULT NULL,
  `action_date` datetime DEFAULT NULL,
  `from_site` int(11) NOT NULL,
  `to_site` int(11) NOT NULL,
  `status` int(11) NOT NULL,
  PRIMARY KEY (`oid`),
  KEY `st_fk_fromsite` (`from_site`),
  KEY `st_fk_tosite` (`to_site`),
  CONSTRAINT `st_fk_fromsite` FOREIGN KEY (`from_site`) REFERENCES `store_site` (`oid`) ON DELETE NO ACTION ON UPDATE NO ACTION,
  CONSTRAINT `st_fk_tosite` FOREIGN KEY (`to_site`) REFERENCES `store_site` (`oid`) ON DELETE NO ACTION ON UPDATE NO ACTION
) ENGINE=InnoDB DEFAULT CHARSET=utf8;
/*!40101 SET character_set_client = @saved_cs_client */;

--
-- Dumping data for table `store_transfer`
--

LOCK TABLES `store_transfer` WRITE;
/*!40000 ALTER TABLE `store_transfer` DISABLE KEYS */;
INSERT INTO `store_transfer` VALUES (1,'TR00000001','2011-02-27 10:39:54',NULL,'2011-02-27 10:40:33',1,2,2);
/*!40000 ALTER TABLE `store_transfer` ENABLE KEYS */;
UNLOCK TABLES;

--
-- Table structure for table `sys_num_gen`
--

DROP TABLE IF EXISTS `sys_num_gen`;
/*!40101 SET @saved_cs_client     = @@character_set_client */;
/*!40101 SET character_set_client = utf8 */;
CREATE TABLE `sys_num_gen` (
  `type` varchar(45) NOT NULL,
  `prefix` varchar(45) DEFAULT NULL,
  `suffix` varchar(45) DEFAULT NULL,
  `current` int(11) NOT NULL,
  `length` int(11) NOT NULL,
  PRIMARY KEY (`type`)
) ENGINE=InnoDB DEFAULT CHARSET=utf8;
/*!40101 SET character_set_client = @saved_cs_client */;

--
-- Dumping data for table `sys_num_gen`
--

LOCK TABLES `sys_num_gen` WRITE;
/*!40000 ALTER TABLE `sys_num_gen` DISABLE KEYS */;
INSERT INTO `sys_num_gen` VALUES ('BR','BR',NULL,1,10),('PO','PO',NULL,237,10),('SO','SO',NULL,8,10),('ST','ST',NULL,1,10),('TR','TR',NULL,2,10);
/*!40000 ALTER TABLE `sys_num_gen` ENABLE KEYS */;
UNLOCK TABLES;

--
-- Table structure for table `sys_sequence`
--

DROP TABLE IF EXISTS `sys_sequence`;
/*!40101 SET @saved_cs_client     = @@character_set_client */;
/*!40101 SET character_set_client = utf8 */;
CREATE TABLE `sys_sequence` (
  `table_name` varchar(50) NOT NULL,
  `seq` int(11) NOT NULL
) ENGINE=InnoDB DEFAULT CHARSET=utf8;
/*!40101 SET character_set_client = @saved_cs_client */;

--
-- Dumping data for table `sys_sequence`
--

LOCK TABLES `sys_sequence` WRITE;
/*!40000 ALTER TABLE `sys_sequence` DISABLE KEYS */;
INSERT INTO `sys_sequence` VALUES ('order_common',1450),('order_item',2750),('order_delivery',1650),('order_delivery_item',1300),('profile_customer',1150),('profile_supplier',250),('store_site',50),('store_entry',1250),('store_transfer',50),('store_trans_item',50),('profile_book',1500),('library_record',0),('library_record_item',0),('library_entry',0),('profile_borrower',0),('order_disp_item',1600),('fna_accounting',0),('todo_item',0),('store_stock_take',1),('store_stock_take_item',1),('store_stock_alert',1),('todo_item',1),('profile_user',1),('order_receive',1),('order_receive_item',1);
/*!40000 ALTER TABLE `sys_sequence` ENABLE KEYS */;
UNLOCK TABLES;

--
-- Table structure for table `todo_item`
--

DROP TABLE IF EXISTS `todo_item`;
/*!40101 SET @saved_cs_client     = @@character_set_client */;
/*!40101 SET character_set_client = utf8 */;
CREATE TABLE `todo_item` (
  `oid` int(11) NOT NULL,
  `subject` varchar(60) NOT NULL,
  `content` text,
  `solution` text,
  `privilege` int(2) NOT NULL,
  `status` int(1) NOT NULL,
  `create_date` datetime NOT NULL,
  `due_date` datetime DEFAULT NULL,
  `resolve_date` datetime DEFAULT NULL,
  `biz_key` varchar(40) DEFAULT NULL,
  PRIMARY KEY (`oid`),
  KEY `indx_bizkey` (`biz_key`) USING BTREE
) ENGINE=InnoDB DEFAULT CHARSET=utf8;
/*!40101 SET character_set_client = @saved_cs_client */;

--
-- Dumping data for table `todo_item`
--

LOCK TABLES `todo_item` WRITE;
/*!40000 ALTER TABLE `todo_item` DISABLE KEYS */;
/*!40000 ALTER TABLE `todo_item` ENABLE KEYS */;
UNLOCK TABLES;
/*!40103 SET TIME_ZONE=@OLD_TIME_ZONE */;

/*!40101 SET SQL_MODE=@OLD_SQL_MODE */;
/*!40014 SET FOREIGN_KEY_CHECKS=@OLD_FOREIGN_KEY_CHECKS */;
/*!40014 SET UNIQUE_CHECKS=@OLD_UNIQUE_CHECKS */;
/*!40101 SET CHARACTER_SET_CLIENT=@OLD_CHARACTER_SET_CLIENT */;
/*!40101 SET CHARACTER_SET_RESULTS=@OLD_CHARACTER_SET_RESULTS */;
/*!40101 SET COLLATION_CONNECTION=@OLD_COLLATION_CONNECTION */;
/*!40111 SET SQL_NOTES=@OLD_SQL_NOTES */;

-- Dump completed on 2011-03-17  1:37:18
